3.906249891519998109e-03 3.830217557853038413e-03 3.830217557853044918e-03 3.830217557853034943e-03 1.026617651353757540e-30 1.087120618246758186e-30 1.034519563509211786e-30 5.062222867203253986e-30 2.832117522871586692e-35 5.785979239497779697e-34 3.183217461421103391e-18 1.495806255738513668e-19 1.495806147645941095e-19 1.495806128493148707e-19
3.906249891520002446e-03 3.830217470681619892e-03 3.830217470681621626e-03 3.830217470681618157e-03 6.014322739588221370e-18 8.425622764063464138e-18 7.489460422925839893e-18 6.392118508597514094e-19 2.776276470880072707e-20 4.978228626318865735e-20 2.614072007183895122e-18 1.660964504179571418e-19 1.657155240662529371e-19 1.657236508804643374e-19
3.906249891520003747e-03 3.830217470681616422e-03 3.830217470681620325e-03 3.830217470681619458e-03 4.424481590850980771e-18 9.571404739454955929e-18 7.457706572904995579e-18 5.996272020054950613e-19 1.358772841664912564e-19 2.436416728669167517e-19 2.613419389603889845e-18 1.677875493649375397e-19 1.596317352959253775e-19 1.598769774536835140e-19
3.906249891520002446e-03 3.830217470681621193e-03 3.830217470681618157e-03 3.830217470681615121e-03 1.030255932540443099e-17 4.525680360220583733e-18 6.456582688687815621e-18 1.343031843262648729e-18 5.520484416544170058e-19 9.898945214967383632e-19 2.296453198220384067e-18 1.776599013087300644e-19 1.547906626441098270e-19 1.548737944112019973e-19
3.906249891519992905e-03 3.830217470681582161e-03 3.830217470681508436e-03 3.830217470681511038e-03 8.629046424163895516e-17 2.899169282710174844e-17 1.981689953177201461e-17 8.878157274712511015e-17 2.145577018285382429e-17 3.847308294757269525e-17 2.544840908395174961e-18 1.766694674257806154e-19 1.603916808200517563e-19 1.597560404326882297e-19
3.906249891519939996e-03 3.830217470681016641e-03 3.830217470680412958e-03 3.830217470680516607e-03 6.884158781437534965e-16 4.832428123983337026e-16 1.845057921339066467e-16 1.018316506739886356e-15 2.144605617999423357e-16 3.845567215123072751e-16 2.546796972581195706e-18 1.742180003888790848e-19 1.592485450524691193e-19 1.691357459019700863e-19
3.906249891519722288e-03 3.830217470677581022e-03 3.830217470674266399e-03 3.830217470674971130e-03 3.959071974813078125e-15 3.362038321966163631e-15 1.127512834368261783e-15 6.410454452385643818e-15 1.209108247809790567e-15 2.168093467497481424e-15 2.040879945609604631e-18 2.186024652807002723e-19 1.276751145115671748e-19 1.769358072426243328e-19
3.906249891519085644e-03 3.830217470663048809e-03 3.830217470649564370e-03 3.830217470652636132e-03 1.730748207443192921e-14 1.567054107028536869e-14 4.953398127209578815e-15 2.870799923484301945e-14 4.862215239658034734e-15 8.718599799871451318e-15 1.848744466501009982e-18 3.656959125944818470e-19 7.964084686653741683e-20 1.973678957356601791e-19
3.906249891517520490e-03 3.830217470614941892e-03 3.830217470571134920e-03 3.830217470581388003e-03 6.096940322250084810e-14 5.658457796632296599e-14 1.728129328683324946e-14 1.012947922633710442e-13 1.535705076456379818e-14 2.753722906750703600e-14 1.505082327375935521e-18 6.808845000216640459e-19 6.004204832230065334e-20 2.576675976574630876e-19
3.906249891514311685e-03 3.830217470484073052e-03 3.830217470366195989e-03 3.830217470394122435e-03 1.792216917087740522e-13 1.681165668779149653e-13 5.017792482105870044e-14 2.954777581962010731e-13 3.982715587484114002e-14 7.141535766385901262e-14 9.659479987082297371e-19 1.210320181687605144e-18 1.185064049487106580e-19 3.968465025598463242e-19
3.906249891509035090e-03 3.830217470186803464e-03 3.830217469919889803e-03 3.830217469983528567e-03 4.474287373451525074e-13 4.217787864137426259e-13 1.236701466325152660e-13 7.283125328923578173e-13 8.624100654268524994e-14 1.546415097507645630e-13 1.098845890770404572e-18 1.967552314708025629e-18 2.921026611427580720e-19 6.625509819026775355e-19
3.906249891502852969e-03 3.830217469627714231e-03 3.830217469119549540e-03 3.830217469241115925e-03 9.517872909978184180e-13 8.992734545237610409e-13 2.595540313076717597e-13 1.523949980866666383e-12 1.553311896435922955e-13 2.785292865381205354e-13 2.131121074024223591e-18 2.874831700300323349e-18 5.651307375822685421e-19 1.103808584356856253e-18
3.906249891499900036e-03 3.830217468793809671e-03 3.830217467994628637e-03 3.830217468186165528e-03 1.704378288598973537e-12 1.612119641815939240e-12 4.583049069476938088e-13 2.676247388334244907e-12 2.269246114344776674e-13 4.069055626841189670e-13 4.343846646423258645e-18 3.509024732182588283e-18 8.130241687480819518e-19 1.745659793564922345e-18
3.906249891505106809e-03 3.830217467932777071e-03 3.830217466925852493e-03 3.830217467167423579e-03 2.482157347944923570e-12 2.348796683223334016e-12 6.582788767703256007e-13 3.822137789522408578e-12 2.575064347850818992e-13 4.617422836897708461e-13 6.283030145273087906e-18 3.135889814555357899e-18 1.117798684339628021e-18 2.564393029786054994e-18
3.906249891510572923e-03 3.830217467661496244e-03 3.830217466608422817e-03 3.830217466861255294e-03 2.726774456186846345e-12 2.580835678233808144e-12 7.186683459235088040e-13 4.211744184562223604e-12 2.446831494185011921e-13 4.387473431001583027e-13 8.087583002888286932e-18 2.621352229996255427e-18 3.269691221095056040e-18 3.565546555331642633e-18
3.906249891458074119e-03 3.830217468423969228e-03 3.830217466813977574e-03 3.830217467201063770e-03 2.027803472035662858e-12 1.922238949892289912e-12 5.707469895385825244e-13 3.808399309053492823e-12 4.711530566313830861e-13 8.448361591051695515e-13 2.043910391486563701e-17 9.797386707172383883e-18 1.407541894803117150e-17 5.063399284538335263e-18
3.906249891169105617e-03 3.830217468016640543e-03 3.830217462100739961e-03 3.830217463523997307e-03 2.345192270157084632e-12 2.237524509896227002e-12 8.454430476383960432e-13 7.420561886903698418e-12 2.068719500013563468e-12 3.709482382799170371e-12 8.603358290882489425e-17 4.880505087263444104e-17 5.043559551479245605e-17 8.858297354743737157e-18
3.906249890259878496e-03 3.830217455311153707e-03 3.830217432214134184e-03 3.830217437770924889e-03 1.366002277595105311e-11 1.299887649212768620e-11 4.407658193628686157e-12 3.436336265273520095e-11 7.925316095227367562e-12 1.421113438376208992e-11 3.243628797802117489e-16 1.706412784514637152e-16 1.443437830596196557e-16 2.130754682018690528e-17
3.906249888118600022e-03 3.830217398981973238e-03 3.830217326747706059e-03 3.830217344125935990e-03 6.414351158852051237e-11 6.091906785994712921e-11 1.902984627370722375e-11 1.345927748484687609e-10 2.353833520440292297e-11 4.220734477963208713e-11 9.733970347102813089e-16 4.529115540730114371e-16 3.400012898685880176e-16 5.853684449147195934e-17
3.906249884098789930e-03 3.830217233861332553e-03 3.830217050003807428e-03 3.830217094235572380e-03 2.125054833776057345e-10 2.016385192821521786e-10 6.049084955126420039e-11 4.059941358359389828e-10 5.666376908198122349e-11 1.016056294302742570e-10 2.420510477155794619e-15 9.623273055285901454e-16 6.676691325525513682e-16 1.523562805222631721e-16
3.906249878088317428e-03 3.830216855833920662e-03 3.830216463455084208e-03 3.830216557850410399e-03 5.527006333572783434e-10 5.241544037909956834e-10 1.534245275655090643e-10 9.954255777498701090e-10 1.139473821547856736e-10 2.043227036042922097e-10 5.090327766301566489e-15 1.657427547813939269e-15 1.085580421503769162e-15 3.526637539644699415e-16
3.906249871403594340e-03 3.830216146688632597e-03 3.830215433976581763e-03 3.830215605431764279e-03 1.191665865728125493e-09 1.129686910300134980e-09 3.248998264586544601e-10 2.053367878706959104e-09 1.933550161758538261e-10 3.467110043795573254e-10 9.105744235608204219e-15 2.278929738202627546e-15 1.421491713982770210e-15 7.174717166870157159e-16
3.906249867398788305e-03 3.830215052896888354e-03 3.830213949325667836e-03 3.830214214798129124e-03 2.178349026372734898e-09 2.064416803745489949e-09 5.854578812363046906e-10 3.615589830116175231e-09 2.749256518199330670e-10 4.929776985519101971e-10 1.397533296964121984e-14 2.394108258084600840e-15 1.425831471148625920e-15 1.280091673778295213e-15
3.906249870374256701e-03 3.830213717481941761e-03 3.830212272172048727e-03 3.830212619825291293e-03 3.384473038756119601e-09 3.206595895015056016e-09 8.986747785356388046e-10 5.433765527523403136e-09 3.200621820431833359e-10 5.739129610633718920e-10 1.846517080532656958e-14 1.864620546168617574e-15 1.164385383754441698e-15 2.008959253208873906e-15
3.906249880873313620e-03 3.830212591698747230e-03 3.830210992067734077e-03 3.830211376777356742e-03 4.402741761422532299e-09 4.170332270389097479e-09 1.157701928543716849e-09 6.894878378330755622e-09 2.984601774200557193e-10 5.351768706892015321e-10 2.160618009137566333e-14 1.974997127706321117e-15 2.064238819979379972e-15 2.856182406089566162e-15
3.906249885740686184e-03 3.830212332328121992e-03 3.830210685193575614e-03 3.830211081202747250e-03 4.637415447388927154e-09 4.391869753177700739e-09 1.215635725747214410e-09 7.332332178740551594e-09 2.649620694689645754e-10 4.751091915625434911e-10 2.561889281187661602e-14 7.035174122910157121e-15 8.345523107929429652e-15 3.927179274752905276e-15
3.906249846854973392e-03 3.830213187869778175e-03 3.830210819123673963e-03 3.830211388518369852e-03 3.855172712154598609e-09 3.651910505791169028e-09 1.037008671272774940e-09 7.149390497085048209e-09 4.841101178966516661e-10 8.680691686508246899e-10 4.274179691437292995e-14 2.579153361735548085e-14 2.738784421857928100e-14 5.905568428598841551e-15
3.906249695204298735e-03 3.830213611974342576e-03 3.830207723989403987e-03 3.830209139651242177e-03 3.434471295221282508e-09 3.259254852629343902e-09 1.028253264251333104e-09 1.000200068112197923e-08 1.554701627703638714e-09 2.787779173821377031e-09 1.003397957483855602e-13 7.226460139953859626e-14 6.691403511744470425e-14 1.023723691448842098e-14
3.906249342831218368e-03 3.830208203919826648e-03 3.830192081667736434e-03 3.830195958725645094e-03 8.226249512883887751e-09 7.812618106644959479e-09 2.515919781748224703e-09 2.565022850584803105e-08 4.414185899901813217e-09 7.915209160617752946e-09 2.438868827847316940e-13 1.694943251156230681e-13 1.328271444870593682e-13 1.854263410541848496e-14
3.906248726006826023e-03 3.830185814891976653e-03 3.830147415744889362e-03 3.830156650649774435e-03 2.827357864980502802e-08 2.682722306660610582e-08 8.166969906884905422e-09 7.192507785534787785e-08 1.006794635272571049e-08 1.805314599922207284e-08 5.286240695964047356e-13 3.564261213962677158e-13 2.391223892841499323e-13 3.114976380909102559e-14
3.906247877102999450e-03 3.830129570985250226e-03 3.830051985273344364e-03 3.830070644882551962e-03 7.880967818505415884e-08 7.472929087631616016e-08 2.193978946307908187e-08 1.731313463313900482e-07 1.895990290534164737e-08 3.399760658880742055e-08 9.899741032163912571e-13 6.814704103763145082e-13 4.379020665912186603e-13 4.601184276240438545e-14
3.906246991085323989e-03 3.830020980589947301e-03 3.829886315207621517e-03 3.829918702821715187e-03 1.765732044325609337e-07 1.673627329126458086e-07 4.807651664110322244e-08 3.521663665071389635e-07 3.014048345083852290e-08 5.404590904081418376e-08 1.608042403265238977e-12 1.145328408122918273e-12 8.344004884782261326e-13 6.021762623339750496e-14
3.906246424134212931e-03 3.829849288777000330e-03 3.829646255118457528e-03 3.829695086009236339e-03 3.313737222795203273e-07 3.140005001796344526e-07 8.890061837114463869e-08 6.160309364144522667e-07 4.074215710420371591e-08 7.305623269103832747e-08 2.278606946650400749e-12 1.593769595351441811e-12 1.501292649524559235e-12 7.699856170798910705e-14
3.906246563711280283e-03 3.829624195640444605e-03 3.829356761712452133e-03 3.829421082557390998e-03 5.345839444000278527e-07 5.064510065409286687e-07 1.418979808841621316e-07 9.396956522919414270e-07 4.652307781067077622e-08 8.342241494451435316e-08 2.847012037448873905e-12 1.717237036403878623e-12 2.289933289844632942e-12 1.215303855996882365e-13
3.906247560036084192e-03 3.829385513125051817e-03 3.829076245679221158e-03 3.829150629341958236e-03 7.503410717906233602e-07 7.107359128344120149e-07 1.975984488714566170e-07 1.259780155863198679e-06 4.405899683325707773e-08 7.900429002689879223e-08 3.255186039311554340e-12 1.422768915926218633e-12 2.780908635602020890e-12 2.548045746686560038e-13
3.906249005565041142e-03 3.829199637592700135e-03 3.828879138437238979e-03 3.828956219663299815e-03 9.186010976061329016e-07 8.699946088707474975e-07 2.405880321946483503e-07 1.492875908834814064e-06 3.431485299671179429e-08 6.153200867117850536e-08 3.701841751805173969e-12 1.466939956352424168e-12 2.637454444371509278e-12 5.435802948393470461e-13
3.906249747163823959e-03 3.829133506862379081e-03 3.828809730345472759e-03 3.828887578875419390e-03 9.785255880302175806e-07 9.266396083413263773e-07 2.557430181221333911e-07 1.588023246315588724e-06 2.601155483974184814e-08 4.664323003790113446e-08 4.694756082802920165e-12 3.421798260659237609e-12 2.155829629873297319e-12 9.628371304942240220e-13
3.906248060212107621e-03 3.829204968391689869e-03 3.828815070491065845e-03 3.828908773305043488e-03 9.132514037771169510e-07 8.647540233120935705e-07 2.398079050411209071e-07 1.606022367662851656e-06 3.613939991112238001e-08 6.480394789979654408e-08 6.910855903231458565e-12 8.248108893094220710e-12 2.890927885549507382e-12 1.388156923850178616e-12
3.906242315740473137e-03 3.829323512969511848e-03 3.828684728079702164e-03 3.828838223927009520e-03 8.035434542812826912e-07 7.608930243957075255e-07 2.149650618336361707e-07 1.793583882815217805e-06 8.524637854707348980e-08 1.528597893572069849e-07 1.079993639276200128e-11 1.526767996921299457e-11 9.674841991821199131e-12 2.023405245028200073e-12
3.906231970035886712e-03 3.829251418786984787e-03 3.828039211991604487e-03 3.828330579459991723e-03 8.632390542757913358e-07 8.176341159141395508e-07 2.374347160009948770e-07 2.601709233361357747e-06 1.873732867547057719e-07 3.359876921525332416e-07 1.626247297542554966e-11 2.508524270219243675e-11 3.456497500170508818e-11 4.199696224789931475e-12
3.906218407627614752e-03 3.828621086863581800e-03 3.826404285832475573e-03 3.826937305177240557e-03 1.424114270308722482e-06 1.349211756723674258e-06 3.929620315329154393e-07 4.599786737533513071e-06 3.382745711633018465e-07 6.065730746780259374e-07 2.275888275626388701e-11 4.476316234604780274e-11 9.570843636090135713e-11 1.033823056961904996e-11
3.906205047153973268e-03 3.827031229915640181e-03 3.823376521544513164e-03 3.824255478274263872e-03 2.849522681370824247e-06 2.699662843124750336e-06 7.741844764204718654e-07 8.274724360700220124e-06 5.086845270882685457e-07 9.121345972620912129e-07 2.986388790478807630e-11 8.494654697309952269e-11 1.994563293436392826e-10 2.170113602634967996e-11
3.906196431803420077e-03 3.824209772948299405e-03 3.818834317492381895e-03 3.820127141251557310e-03 5.387444502334008959e-06 5.103558761917178657e-06 1.442835858835494060e-06 1.376906429111219139e-05 6.490909033506327734e-07 1.163885745599980381e-06 3.770731632984549399e-11 1.437845978069758772e-10 3.131880639178617408e-10 3.519556919241981379e-11
3.906196347003765366e-03 3.820187989162773020e-03 3.813100532787327968e-03 3.814804691846466599e-03 9.012787354004762864e-06 8.536606851503665384e-06 2.389794827487717707e-06 2.067669757035919622e-05 7.078366401109828676e-07 1.269198378847693106e-06 4.684431562651623737e-11 1.948725192107869022e-10 3.689786171405965332e-10 4.360263298547084849e-11
3.906205764017863132e-03 3.815400708912971336e-03 3.806952440131245417e-03 3.808982700421676641e-03 1.333569331385484244e-05 1.262893693492004788e-05 3.512503818838745914e-06 2.803333346870732633e-05 6.561226452196190609e-07 1.176440053934117250e-06 5.776918716887254140e-11 2.034927962039386900e-10 3.232365760647796683e-10 4.135979242541171501e-11
3.906221743402278190e-03 3.810636319219749216e-03 3.801421195525211180e-03 3.803633862548586216e-03 1.764509481756373430e-05 1.670671735555405020e-05 4.627126873576779986e-06 3.458027826755525632e-05 5.073856853438609230e-07 9.097184632515301451e-07 7.076975464928232115e-11 1.617202164894172618e-10 2.169069255472995602e-10 3.062424065450729135e-11
3.906238180335886226e-03 3.806814552305217130e-03 3.797417359365579375e-03 3.799671334012833142e-03 2.110798583907308809e-05 1.998133667138063136e-05 5.520154839005409442e-06 3.925450270875450738e-05 3.185514115616852690e-07 5.711171644673098015e-07 8.601960874283791415e-11 1.003864628591936541e-10 1.442144926821144529e-10 1.983868970752677083e-11
3.906248199882663124e-03 3.804651091840646239e-03 3.795317493495673020e-03 3.797553961171554627e-03 2.307210510128776198e-05 2.183627085642946073e-05 6.025944749816389619e-06 4.172099196963356454e-05 1.694628270465872038e-07 3.037967444410599570e-07 1.030148291540990474e-10 6.399574970015718779e-11 1.469300421295747557e-10 1.571222523331803217e-11
3.906247176878283132e-03 3.804336514826021833e-03 3.794695201857546142e-03 3.797004332357197844e-03 2.335732724451438459e-05 2.210265322037261856e-05 6.100820065505236031e-06 4.269849464565080455e-05 1.281599673343293473e-07 2.297389282565249805e-07 1.192918444080985643e-10 8.574722262141310225e-11 1.763196459073296966e-10 1.830688707788020380e-11
3.906234963971869090e-03 3.805374106222026223e-03 3.794344615098270337e-03 3.796987140919505163e-03 2.240506764088152618e-05 2.119981413708946851e-05 5.860532238551822795e-06 4.388128988649641493e-05 2.185250444928106579e-07 3.917507433686285196e-07 1.293602844592912747e-10 1.852225606715755954e-10 1.871037222687350274e-10 2.404098181917392043e-11
3.906216132164742373e-03 3.806669908772862890e-03 3.792632530454179488e-03 3.795998235504023915e-03 2.120019207189331953e-05 2.006036726776223413e-05 5.559548114117677153e-06 4.741859995769416049e-05 4.070314265680122977e-07 7.297279643013772705e-07 1.262601165139023452e-10 3.565124800866935191e-10 2.218009625561548836e-10 3.003793961817636996e-11
3.906197978428631225e-03 3.806867120419487119e-03 3.788071720771694992e-03 3.792580955264984125e-03 2.097098869504602757e-05 1.984588841563468943e-05 5.513863795546392907e-06 5.511533609299938186e-05 6.165153155597822801e-07 1.105351505647203040e-06 1.064959280428618068e-10 5.366977001569623897e-10 3.415144889700629816e-10 3.380241582788222369e-11
3.906187252225950830e-03 3.804809299765796095e-03 3.779896327467802044e-03 3.785875194325118240e-03 2.277040726628623405e-05 2.155126097655811395e-05 5.993770991263700432e-06 6.767133605370422890e-05 7.610460646886261574e-07 1.364582578861892805e-06 7.537726940225458055e-11 6.191266253487910148e-10 5.011791471176771181e-10 3.221661901840341106e-11
3.906187316709723752e-03 3.799953651743586194e-03 3.768398458672285109e-03 3.775972650292213142e-03 2.709994185060686048e-05 2.564996016220323557e-05 7.127591470705545337e-06 8.429797304507602831e-05 7.843088849510225353e-07 1.406442954323298243e-06 4.773774718521243385e-11 5.434470648116242723e-10 5.696150548649031450e-10 2.469745657397290876e-11
3.906197011691480824e-03 3.792572098268499805e-03 3.754874805531173507e-03 3.763924152754944200e-03 3.372406495888462990e-05 3.191927935282191161e-05 8.854173278747120031e-06 1.029084164031419458e-04 6.821757400158758227e-07 1.223470063741202904e-06 4.156400119854907925e-11 3.678564005905084190e-10 4.791393331770913126e-10 1.622282460185766546e-11
3.906211804570671083e-03 3.783663164595411129e-03 3.741201895704288505e-03 3.751395149965742765e-03 4.174649160221225613e-05 3.951217765319624844e-05 1.094220689811429043e-05 1.208183542232480720e-04 4.983846465541203368e-07 8.940033746070640615e-07 6.752501004958055975e-11 2.207267822578429376e-10 3.000037043719146888e-10 1.415284246890657999e-11
3.906226325509916820e-03 3.774619864834553255e-03 3.729218207372913835e-03 3.740116404237406929e-03 4.990885339910260284e-05 4.723877135364588432e-05 1.306661509280962424e-05 1.356600596595055653e-04 2.983447188780368133e-07 5.352778042305119045e-07 1.217537939042395484e-10 1.832992869046358837e-10 1.578319649868226020e-10 2.174573370131996235e-11
3.906236716362245561e-03 3.766791592049116132e-03 3.720165078010769389e-03 3.731354770738143541e-03 5.698717812446887118e-05 5.394062274368563410e-05 1.491042775663710080e-05 1.461229480247778698e-04 1.374661294187159008e-07 2.466774712577968272e-07 1.874097438671591458e-10 2.378921014242300040e-10 1.180575523951615877e-10 3.571438989024634140e-11
3.906241770819650697e-03 3.761105845139893662e-03 3.714392380967689207e-03 3.725599736855253908e-03 6.213569471608991284e-05 5.881633125356602068e-05 1.625360454191980490e-05 1.522367878722522591e-04 4.111751480250438080e-08 7.377843418997572578e-08 2.436573019816756958e-10 3.160836003141853426e-10 1.584754933783435792e-10 4.941827150062182300e-11
3.906242634266145555e-03 3.757872212852766437e-03 3.711405472630404084e-03 3.722552094459683630e-03 6.506629978274848763e-05 6.159259381328993763e-05 1.701992772412238151e-05 1.551376055420604393e-04 3.720235260110725100e-09 6.658156182482439777e-09 2.754410241383082730e-10 3.665392120839343196e-10 2.167042129613113484e-10 5.733658924730441843e-11
3.906241621577087077e-03 3.756806218733836720e-03 3.710186295199307573e-03 3.721372305107330161e-03 6.602910968275781795e-05 6.250692935533012028e-05 1.727275866366856280e-05 1.564788499725678218e-04 2.206080631910095289e-09 3.967039342092537345e-09 2.778827557546471560e-10 3.743753787316860340e-10 2.416500725641834256e-10 5.708004233655745408e-11
3.906240883300621074e-03 3.757226376336268801e-03 3.709626681801495192e-03 3.721055190838037235e-03 6.563591470826139599e-05 6.214059061786007755e-05 1.717013259905536920e-05 1.577697402652482837e-04 1.255532103869311719e-08 2.257998815099147826e-08 2.549933364816427943e-10 3.418719684052147696e-10 2.159393653844817637e-10 4.913578084929058616e-11
3.906241531392922253e-03 3.758326672827033439e-03 3.708897296149941004e-03 3.720774953163457060e-03 6.461476370742622597e-05 6.118504089537995540e-05 1.690166196981031651e-05 1.599028913746611909e-04 2.001457897321151336e-08 3.597243968141329364e-08 2.169420668667825755e-10 2.730262705584300629e-10 1.539609557555492202e-10 3.605927239774923132e-11
3.906243511526834560e-03 3.759422400095121641e-03 3.707631369111273525e-03 3.720085181445123394e-03 6.358773295493895647e-05 6.022999851527074050e-05 1.663076674373079148e-05 1.630130084442061558e-04 2.039336601179622112e-08 3.660610441777289914e-08 1.767537396373108191e-10 1.788604932568344203e-10 8.565215820624197740e-11 2.179626151730911815e-11
3.906246032470411713e-03 3.760099822247262719e-03 3.705897742106127948e-03 3.718936960197895963e-03 6.293458232294916956e-05 5.963355545895148167e-05 1.645848829970013378e-05 1.666499028504182301e-04 1.580459744336383746e-08 2.830299471633667683e-08 1.469217629711340703e-10 8.634351955741808481e-11 3.738550897718315836e-11 1.075143985486934003e-11
3.906248187783506812e-03 3.760248117287810429e-03 3.704025647292708261e-03 3.717555071395044815e-03 6.276206932270932267e-05 5.949354862704004602e-05 1.641436119181830186e-05 1.701271198267957901e-04 9.799111963756366677e-09 1.747796323332688280e-08 1.359921490911417650e-10 2.950903436021921871e-11 2.294606794768521484e-11 6.294856084653950869e-12
3.906249434362797559e-03 3.759994916019841153e-03 3.702385533627506210e-03 3.716255064611637994e-03 6.296017394659589024e-05 5.970207467013802520e-05 1.647009221307623857e-05 1.728709574072738659e-04 4.784574750011848965e-09 8.462743885073448589e-09 1.450546880333044864e-10 2.783504162093694763e-11 4.629122303692287801e-11 9.441782061464495244e-12
3.906249725631462562e-03 3.759592558487592079e-03 3.701220406968820480e-03 3.715284881125319530e-03 6.330339827204294956e-05 6.004268739082388657e-05 1.656573252970890326e-05 1.746372622647035815e-04 1.762287275623732937e-09 3.030766707957556955e-09 1.683517511799519807e-10 7.469152791217814971e-11 1.033020239369067471e-10 1.849201633804539970e-11
3.906249357027834039e-03 3.759302962457877675e-03 3.700576233960587574e-03 3.714741909675389406e-03 6.355430535428438748e-05 6.028919730467886633e-05 1.663733673713228505e-05 1.755475065133106692e-04 9.461745963788651524e-10 1.541774168268918711e-09 1.973123426041796564e-10 1.457504065230655949e-10 1.775450304441449724e-10 2.981392539417504839e-11
3.906248715689480955e-03 3.759315524120663589e-03 3.700327222296035095e-03 3.714572679998312619e-03 6.353827363596405359e-05 6.027663483562230675e-05 1.663758018097224840e-05 1.759786889619027479e-04 2.148924079031033638e-09 3.660487492759172425e-09 2.221295038657572567e-10 2.139078036400444595e-10 2.419972888807941975e-10 3.933270948070465354e-11
3.906248100483737402e-03 3.759711704175850659e-03 3.700256989216089542e-03 3.714628638534782975e-03 6.317682374772528415e-05 5.993259441577425335e-05 1.654532385028637561e-05 1.763876994613023449e-04 4.790961187681497833e-09 8.365871730092437676e-09 2.325656530646496409e-10 2.562456126888893983e-10 2.729899259043785172e-10 4.390970539147009220e-11
3.906247653158952983e-03 3.760471447374778755e-03 3.700148674332335089e-03 3.714738771430746954e-03 6.248335661921091875e-05 5.927272169512469983e-05 1.636462886713915374e-05 1.771519132364676881e-04 7.920951112575704163e-09 1.396747235904601024e-08 2.208682945800827833e-10 2.570857117199709742e-10 2.633880450095557813e-10 4.222860408803210327e-11
3.906247388573265856e-03 3.761505807328963721e-03 3.699851028202794361e-03 3.714767989424971970e-03 6.153497583486615700e-05 5.837322480541028125e-05 1.611681253964804571e-05 1.784749217445583916e-04 1.048287263375737089e-08 1.857562073127506061e-08 1.859445849780815848e-10 2.142756607936551998e-10 2.211280447911497091e-10 3.495924006172482677e-11
3.906247259188974814e-03 3.762696765740428800e-03 3.699305133442647078e-03 3.714645029631571862e-03 6.043731159723420492e-05 5.733640935523972280e-05 1.583045140784826782e-05 1.803705301821976331e-04 1.171920344113900148e-08 2.082644424476347441e-08 1.368650939008781845e-10 1.436913484091154915e-10 1.598561841027076031e-10 2.440468835783006719e-11
3.906247213350367599e-03 3.763930073320447336e-03 3.698536758657788599e-03 3.714362560554365211e-03 5.929503833915594053e-05 5.626168231824902938e-05 1.553322069410551626e-05 1.827033489829668080e-04 1.142509348452222958e-08 2.034005198376928919e-08 9.155664473985043112e-11 7.267614754758281878e-11 9.460385095397448972e-11 1.372839443743083830e-11
3.906247239278528259e-03 3.765113445185925070e-03 3.697626673824524687e-03 3.713959210138464972e-03 5.819503606341309396e-05 5.522921197180905202e-05 1.524758763930645576e-05 1.852558127693547222e-04 9.916638915395284818e-09 1.766917472277295926e-08 6.886265963637162822e-11 2.620427541175433674e-11 4.137015173405012286e-11 5.834378365171097353e-12
3.906247376130880192e-03 3.766179720934303716e-03 3.696673468525559208e-03 3.713494202466879543e-03 5.720261452812295394e-05 5.429706624441911500e-05 1.499022449825940786e-05 1.877954568145786911e-04 7.795353799867308589e-09 1.388715954267542415e-08 7.842704947693126441e-11 1.773138508202445212e-11 1.232393679075411627e-11 2.396035810079842762e-12
3.906247690392884633e-03 3.767079905552168841e-03 3.695761218252283532e-03 3.713022575211367103e-03 5.636651540576432748e-05 5.350758525703366717e-05 1.477360369420484089e-05 1.901268324435286753e-04 5.676195222315850643e-09 1.010165795417514721e-08 1.158024156081019646e-10 4.685467672731647665e-11 9.095350436799088289e-12 3.428725778026042823e-12
3.906248214652900241e-03 3.767773359824963531e-03 3.694940585116092586e-03 3.712576957704042790e-03 5.572641129605425679e-05 5.289629073701317575e-05 1.460793289154491358e-05 1.921207375709575130e-04 3.978368972668733582e-09 7.066324798198750043e-09 1.650632339961303610e-10 9.928050473939694769e-11 2.381068831344859605e-11 7.542005674022848491e-12
3.906248877129469069e-03 3.768221964725559404e-03 3.694226823979976804e-03 3.712160817028842524e-03 5.531726846189166609e-05 5.249703154680974287e-05 1.450210566766870111e-05 1.937187040032132060e-04 2.815206552866431435e-09 4.977187142885645967e-09 2.059424045197164739e-10 1.511511029607419432e-10 4.672952862989562799e-11 1.270583435883075069e-11
3.906249470831818504e-03 3.768391626676810546e-03 3.693611992811274888e-03 3.711755365856253888e-03 5.516801505752738649e-05 5.234037096027205940e-05 1.446330135228656301e-05 1.949155809502251956e-04 2.029713935910489144e-09 3.552682358495332354e-09 2.235316412438027871e-10 1.811424143235298976e-10 7.009156754289703460e-11 1.712249544926059019e-11
3.906249714485215876e-03 3.768260695714767752e-03 3.693084760580358367e-03 3.711338124224117761e-03 5.529500091814737201e-05 5.244588986400094369e-05 1.449549779717741181e-05 1.957277641646888884e-04 1.420790825834559959e-09 2.452546886487589055e-09 2.142993477200857103e-10 1.823675339230431459e-10 8.622701853567579919e-11 1.981156319617898282e-11
3.906249382847428765e-03 3.767830718243835291e-03 3.692648656062717805e-03 3.710904773457920219e-03 5.569388793751348435e-05 5.281265582509241574e-05 1.459768365966618054e-05 1.961607669008805471e-04 1.058688114686425105e-09 1.822664717801712231e-09 1.841380575763143683e-10 1.618004331071765875e-10 8.810351654121532960e-11 2.057301832669816601e-11
3.906248445595341193e-03 3.767133345541246424e-03 3.692330833054425967e-03 3.710482796580856155e-03 5.633465830871930410e-05 5.341334253726087630e-05 1.476267232798087454e-05 1.961915347675914211e-04 1.412909352596347511e-09 2.491169890295938254e-09 1.434496243266333797e-10 1.298965728872523012e-10 7.486991333381074328e-11 1.960101894368123578e-11
3.906247111334056402e-03 3.766229936695865248e-03 3.692179506183467397e-03 3.710130370993396012e-03 5.716220330322640544e-05 5.419482565488172742e-05 1.497698256753177311e-05 1.957721410276563585e-04 3.088447324896036214e-09 5.501829450439431888e-09 1.023497844656035318e-10 9.359074865176265813e-11 5.349187274433617592e-11 1.716881904492574676e-11
3.906245770281166138e-03 3.765202241646887441e-03 3.692249180196112250e-03 3.709918398815487128e-03 5.810390351031366024e-05 5.508640312776423039e-05 1.522227375227900800e-05 1.948561455935785946e-04 6.284723725086757737e-09 1.119105893786520468e-08 6.801582745795583114e-11 5.792471164389467321e-11 3.252395223857375338e-11 1.361977417416469321e-11
3.906244854593571379e-03 3.764136927070093393e-03 3.692577906622325230e-03 3.709902915286288766e-03 5.908229407237822542e-05 5.601311145746685946e-05 1.547822693592073865e-05 1.934366989230561587e-04 1.041780116929840628e-08 1.853696787703139851e-08 4.547094918881064806e-11 2.882372217639841136e-11 1.655215139880847693e-11 9.514098856099174811e-12
3.906244666651741745e-03 3.763108546803891480e-03 3.693162415547329887e-03 3.710098411615585581e-03 6.002953297376695805e-05 5.691023209754830228e-05 1.572637043780014641e-05 1.915820606317240166e-04 1.428579279131950855e-08 2.542451483268356223e-08 3.790441764801839394e-11 1.079598383725508790e-11 7.606407024275402302e-12 5.601158059924214935e-12
3.906245243866852956e-03 3.762166707864224215e-03 3.693941900799203090e-03 3.710464108771185324e-03 6.089897752723317582e-05 5.773421274304128229e-05 1.595363213568699054e-05 1.894506617155921485e-04 1.673132392006577551e-08 2.978715749393318232e-08 4.486177538242988052e-11 3.594558908837824810e-12 8.081091671448377668e-12 2.649168251183491801e-12
3.906246334601982777e-03 3.761330375337048997e-03 3.694796734292475539e-03 3.710907109598320271e-03 6.167111372247166545e-05 5.846756512848549941e-05 1.615454667716369663e-05 1.872800406965215744e-04 1.731175993052225422e-08 3.080931359282908740e-08 6.204664323268085515e-11 3.549192081418015746e-12 1.914788455072356170e-11 1.298509027951767490e-12
3.906247497976184004e-03 3.760590872919989617e-03 3.695566994929829884e-03 3.711302227535963252e-03 6.235191224432801019e-05 5.911640496158958579e-05 1.633115958341790832e-05 1.853490227919581980e-04 1.648995626921850346e-08 2.930901392461365982e-08 8.379047432442193382e-11 7.424238697601185448e-12 3.807923571789501288e-11 1.894162169006642396e-12
3.906248296138266005e-03 3.759922440357205305e-03 3.696087663399234662e-03 3.711522393620391574e-03 6.296397076948210734e-05 5.970151838499941231e-05 1.649049554696426195e-05 1.839228697433004025e-04 1.519992063898927890e-08 2.697875772193878209e-08 1.047398736805084257e-10 1.363971718525074199e-11 5.964873244418977254e-11 4.295041559218270716e-12
3.906248463276377515e-03 3.759296496393758208e-03 3.696228281452751917e-03 3.711469053011867691e-03 6.353355831772437205e-05 6.024625760947152734e-05 1.664056500278558184e-05 1.831997706072321247e-04 1.416994473369720840e-08 2.514402606890844806e-08 1.200698918865759808e-10 2.061249633986979569e-11 7.923691649607112755e-11 7.792350416313065787e-12
3.906248000385961847e-03 3.758696062346172234e-03 3.695925324556279066e-03 3.711095268548414601e-03 6.407689227303180180e-05 6.076434666734106994e-05 1.678611604038662803e-05 1.832722700994377733e-04 1.348255507908649794e-08 2.394123339713232436e-08 1.262535375868829611e-10 2.609730523261450134e-11 9.300736087560435856e-11 1.123907575150842300e-11
3.906247158173380488e-03 3.758126156874276678e-03 3.695196057926208519e-03 3.710415347475817978e-03 6.458999113332700962e-05 6.125121284567936841e-05 1.692560994326750863e-05 1.841149492613624466e-04 1.267893246861287707e-08 2.251482556927988262e-08 1.216566769505741595e-10 2.852571370152102172e-11 9.664751447047259270e-11 1.341246679902307170e-11
3.906246321845933955e-03 3.757617254557016513e-03 3.694130137690224136e-03 3.709499532512083256e-03 6.504532153906070170e-05 6.168121032924380278e-05 1.705043834188196491e-05 1.856002312477270880e-04 1.126794958379911104e-08 1.996958858063994765e-08 1.076158275432357460e-10 2.756792661520951543e-11 8.718752915238423350e-11 1.350542690669472688e-11
3.906245852998183835e-03 3.757220689034296984e-03 3.692863438468461847e-03 3.708456472177703786e-03 6.539638702803067223e-05 6.201150823398248672e-05 1.714666704408009541e-05 1.875352628430767979e-04 9.206412121992363963e-09 1.624565375519812539e-08 8.912264777702687608e-11 2.331604260271426390e-11 6.684334669075154725e-11 1.155239282936726224e-11
3.906245935390207594e-03 3.756996598290380639e-03 3.691543877260878345e-03 3.707408546299090311e-03 6.558928263303816036e-05 6.219204222305471381e-05 1.719882210949319682e-05 1.897074818974622335e-04 6.977898011632039024e-09 1.222904514155720921e-08 7.242803530327819648e-11 1.654482309881866406e-11 4.288174223974515830e-11 8.479163153683101842e-12
3.906246529878691642e-03 3.756998932401279558e-03 3.690303191101250956e-03 3.706468967155734928e-03 6.557645521036799990e-05 6.217783604571403412e-05 1.719411277248942454e-05 1.919215734360355343e-04 5.214817886420652900e-09 9.043739125978408841e-09 6.236649925423535905e-11 1.026247498636494305e-11 2.271103985253191831e-11 5.707801287420507367e-12
3.906247426856640590e-03 3.757260085584870467e-03 3.689239729498009716e-03 3.705723797490125329e-03 6.533006043782493746e-05 6.194178321670542144e-05 1.712606319145809004e-05 1.940215339727409199e-04 4.214527774231520712e-09 7.200807978449605215e-09 6.222879561688656004e-11 9.111555589981057040e-12 1.049817598060958399e-11 4.569949394350844311e-12
3.906248363340420002e-03 3.757780881271383620e-03 3.688415712206058461e-03 3.705224026635227461e-03 6.485012517616816827e-05 6.148325823299514829e-05 1.699620434483522328e-05 1.958932881942572121e-04 3.746410759530078865e-09 6.293964392733609786e-09 7.290602033892209530e-11 1.573740358852833214e-11 8.125742961881349441e-12 5.745052388058322080e-12
3.906249118454541407e-03 3.758527897970803406e-03 3.687863649715819765e-03 3.704986933337013535e-03 6.416644912058446773e-05 6.083081999414807479e-05 1.681381270221401090e-05 1.974544046609386116e-04 3.310218876005504440e-09 5.465824181292912725e-09 9.096140420399613996e-11 2.878150954173528020e-11 1.573523804849204125e-11 8.921829996921563099e-12
3.906249567740804982e-03 3.759439176432876391e-03 3.687595368171618735e-03 3.705004207616521654e-03 6.333389954566955894e-05 6.003785766184937877e-05 1.659400893584195221e-05 1.986409176698085324e-04 2.602281581463531320e-09 4.196757240723154380e-09 1.094735039230626948e-10 4.495052020807294705e-11 2.944301087739265008e-11 1.286742669358945602e-11
3.906249696352011302e-03 3.760435760456862318e-03 3.687608352126582438e-03 3.705252124489696354e-03 6.242318383894825064e-05 5.917293228579942446e-05 1.635513288941880410e-05 1.994000237743844743e-04 1.784104363604782857e-09 2.752598863101127905e-09 1.210228046986873350e-10 6.089430898203350329e-11 4.137410027300158751e-11 1.597042403062235553e-11
3.906249575640290735e-03 3.761435027233135057e-03 3.687888911095127138e-03 3.705700033801175540e-03 6.150994794521997037e-05 5.830809537408067431e-05 1.611621582014985385e-05 1.996905582204578213e-04 1.357738950916320887e-09 1.989510580595794401e-09 1.208166254042339495e-10 7.192283254042207959e-11 4.479322975521956098e-11 1.698330323281085850e-11
3.906249309020706252e-03 3.762362309899969833e-03 3.688413727465344235e-03 3.706314888420283570e-03 6.066439916904718866e-05 5.750829145864322980e-05 1.589484866242022276e-05 1.994894502979923214e-04 1.782325642925311004e-09 2.718283667229180547e-09 1.089966000317788577e-10 7.200580770867394394e-11 3.850671210338205396e-11 1.550761485642003103e-11
3.906248987929466718e-03 3.763158240790625674e-03 3.689151134373414194e-03 3.707061739645265384e-03 5.994353414597607853e-05 5.682454355471485232e-05 1.570557066882953318e-05 1.987997651822406679e-04 3.144968231235786661e-09 5.119389712183795891e-09 9.018363078185068272e-11 5.876398177628470964e-11 2.601307232190345066e-11 1.207289239988456068e-11
3.906248669079786552e-03 3.763781762130783293e-03 3.690064398541361215e-03 3.707904017716704987e-03 5.938667174630487248e-05 5.629143317297002121e-05 1.555871239521920024e-05 1.976525186007563437e-04 5.092076165319234057e-09 8.580703934838581706e-09 7.085079405722669328e-11 3.754009272389056480e-11 1.285006617708476798e-11 7.847855786829352854e-12
3.906248384655213682e-03 3.764209609717057356e-03 3.691112859101065759e-03 3.708803357168931683e-03 5.901472005968380223e-05 5.592818600363200882e-05 1.545987084052901367e-05 1.961059666635553205e-04 6.992829929160228078e-09 1.197172703606606758e-08 5.750739057430028327e-11 1.792544077647863265e-11 5.534902216087688948e-12 4.156104393100199892e-12
3.906248157458093190e-03 3.764434013756738466e-03 3.692251478917146518e-03 3.709720703742984578e-03 5.883237318552676705e-05 5.574136049098219240e-05 1.541015798361149343e-05 1.942413078606335781e-04 8.219101123073698420e-09 1.416862802848705628e-08 5.443832501714585535e-11 6.587943085986113735e-12 9.288024572891538080e-12 1.946018977832899764e-12
3.906248007597299711e-03 3.764459631404191032e-03 3.693427910473275327e-03 3.710616394002644661e-03 5.883214435422742594e-05 5.572759623974961346e-05 1.540724336761636293e-05 1.921600153241951497e-04 8.416891603714229930e-09 1.455335635265956595e-08 6.059262242308119154e-11 4.461592182749918792e-12 2.367619333533130633e-11 1.432504694917812305e-12
3.906247955103173478e-03 3.764300153329461912e-03 3.694578851618398208e-03 3.711447827396027223e-03 5.899887017057512203e-05 5.587584599276015571e-05 1.544688020556723716e-05 1.899845491896988198e-04 7.660336872858133134e-09 1.325898310590971352e-08 7.028841576397740261e-11 8.768392208653664704e-12 4.196963829008529636e-11 2.168239299557343320e-12
3.906248014819417146e-03 3.763974660915418106e-03 3.695628060178530409e-03 3.712165285784968082e-03 5.931367795952342689e-05 5.616949379132696389e-05 1.552437239967963161e-05 1.878607781037878164e-04 6.395292308938704010e-09 1.104427850786263521e-08 7.759691862599616106e-11 1.487497403655517101e-11 5.646792661085441116e-11 3.393626244871003812e-12
3.906248190005027088e-03 3.763504114076525117e-03 3.696488194338147949e-03 3.712709136703387994e-03 5.975690517750564481e-05 5.658884591759239685e-05 1.563545682442297070e-05 1.859568249203871597e-04 5.189531409441882879e-09 8.881307088229035130e-09 7.931901639364857582e-11 1.769324689659055800e-11 6.314508512916304684e-11 4.377143175476854156e-12
3.906248450566492721e-03 3.762908393501738710e-03 3.697067354860019469e-03 3.713012156013383545e-03 6.031010004750951944e-05 5.711409161057209697e-05 1.577645776387730321e-05 1.844527435203980161e-04 4.460270844204452723e-09 7.522780034828768857e-09 7.543914782585338065e-11 1.486176416808647519e-11 6.081184672574057237e-11 4.639759853809274083e-12
3.906248723578372752e-03 3.762204285984483820e-03 3.697280359388036963e-03 3.713008875283022991e-03 6.095752735409028640e-05 5.772819665364619410e-05 1.594401606213509347e-05 1.835180908478222666e-04 4.375540654723759406e-09 7.318744419916720430e-09 6.832245891266745424e-11 8.794739566148813129e-12 4.944321378197002808e-11 4.078243202296773627e-12
3.906248896977670276e-03 3.761404616833109640e-03 3.697063814052342894e-03 3.712650331665021033e-03 6.168712896318027093e-05 5.841880303169046920e-05 1.613487497515215830e-05 1.832800803588035621e-04 4.956392365661190871e-09 8.332981939369481022e-09 6.080490488648033746e-11 4.067719289784078267e-12 3.199590933196695046e-11 2.980404827821954187e-12
3.906248860241032673e-03 3.760518683268412356e-03 3.696392753762133606e-03 3.711919681969926433e-03 6.249049435288228540e-05 5.917832847498583315e-05 1.634597574762472076e-05 1.837903893403064958e-04 6.205012933982042798e-09 1.053816100401563415e-08 5.517708841490464736e-11 3.294873369105525904e-12 1.533009172547640186e-11 1.834144627057009909e-12
3.906248549745831942e-03 3.759554199269300734e-03 3.695294522631929930e-03 3.710843150930310912e-03 6.336124664926797757e-05 6.000182988781991271e-05 1.657463543882178427e-05 1.850019272750111018e-04 8.080509278814052073e-09 1.381994233268224396e-08 5.325670658293126137e-11 6.652629063128098637e-12 6.005157557202331094e-12 1.056256366091579148e-12
3.906247993304427703e-03 3.758520929407929961e-03 3.693854287083890835e-03 3.709492255600196822e-03 6.429161854212557103e-05 6.088285248293408812e-05 1.681830425750064397e-05 1.867656595615332970e-04 1.033420431006126484e-08 1.774502054576417370e-08 5.503002691456267196e-11 1.357836151772234702e-11 5.301167106101131990e-12 8.601171964888730310e-13
3.906247324682237971e-03 3.757435757864668099e-03 3.692207796374461035e-03 3.707976279377936130e-03 6.526773974973843178e-05 6.180812953270333160e-05 1.707353066145868130e-05 1.888516748250691952e-04 1.238808310399793083e-08 2.133546419590483182e-08 5.840733941275899343e-11 2.236630641108299861e-11 9.444047120522422360e-12 1.269033970145179412e-12
3.906246761905012542e-03 3.756328199769081236e-03 3.690520681272897122e-03 3.706426751397030612e-03 6.626478212565907954e-05 6.275254894431834445e-05 1.733429394611637307e-05 1.909912663054332731e-04 1.343700016331476967e-08 2.318764331493528465e-08 6.178388812369317754e-11 2.931347266574072988e-11 1.365813830130032553e-11 2.172068456438233037e-12
3.906246540430072158e-03 3.755244458730443852e-03 3.688959177573788908e-03 3.704977776621151426e-03 6.724343750590915244e-05 6.367604665806484072e-05 1.759043221400760163e-05 1.929291369158825983e-04 1.279206138152952449e-08 2.205348569087037117e-08 6.512332907978653920e-11 3.104455255646820634e-11 1.502238913165262478e-11 3.355925284714348043e-12
3.906246819742741939e-03 3.754247743250359315e-03 3.687660884598132315e-03 3.703746638991348931e-03 6.814924825229307234e-05 6.452402770490063718e-05 1.782714276286224213e-05 1.944713472110432440e-04 1.031097651863289472e-08 1.764054534729169365e-08 6.873794911332840830e-11 2.765983633822764521e-11 1.299415498075523550e-11 4.569311750803983452e-12
3.906247580545451400e-03 3.753412958855918517e-03 3.686715164105429030e-03 3.702819258754679130e-03 6.891614526876740866e-05 6.523240122586819142e-05 1.802625858856299042e-05 1.955142453285894596e-04 6.652595372878583377e-09 1.110621708395751366e-08 7.274970979476061346e-11 2.210603550339765811e-11 9.007078767963025215e-12 5.625458929683799479e-12
3.906248584917230721e-03 3.752816000472907268e-03 3.686159115598824400e-03 3.702244053453186256e-03 6.947453387832696974e-05 6.573684173888145901e-05 1.816917148891611394e-05 1.960455750237308312e-04 3.116041287347317061e-09 4.770680929176285810e-09 7.657632714809810809e-11 1.678681933196864059e-11 5.320633778367648443e-12 6.418469031612512166e-12
3.906249437959573648e-03 3.752519034691315092e-03 3.685989426401839811e-03 3.702035637616356636e-03 6.976387857162909300e-05 6.598517603525351201e-05 1.824075215677294594e-05 1.961163136056451729e-04 1.057859391721979184e-09 1.060120465212442893e-09 7.854842235900913908e-11 1.214105904517079218e-11 3.389935231268259231e-12 6.823471233394421217e-12
3.906249759894629952e-03 3.752557292089579201e-03 3.686181751428575359e-03 3.702185053377133207e-03 6.974587138282280837e-05 6.594837086954610545e-05 1.823264197359258620e-05 1.957986213955183045e-04 1.187773934964387990e-09 1.252920477015818058e-09 7.771424092774616894e-11 8.030837388684392830e-12 3.302490605202392055e-12 6.643225599490726588e-12
3.906249380369360234e-03 3.752930050461179747e-03 3.686709138066649079e-03 3.702671643899991746e-03 6.941547140056483561e-05 6.562796406902602676e-05 1.814523129222432560e-05 1.951448800057577855e-04 3.216102819561815379e-09 4.857920263244472470e-09 7.439850537136380164e-11 4.840405884968342669e-12 4.689847195234065871e-12 5.757009140308122911e-12
3.906248440113705214e-03 3.753599481583254002e-03 3.687550369576828718e-03 3.703469975839557195e-03 6.880498091751419425e-05 6.505680443933480159e-05 1.798764265809937719e-05 1.941680441398806764e-04 6.095180908415250736e-09 1.002649679868164562e-08 6.870098029622139345e-11 2.934291181674720173e-12 7.291393802194479334e-12 4.327139385636263254e-12
3.906247341891328460e-03 3.754498148455848519e-03 3.688685174701528124e-03 3.704548450560824976e-03 6.797843250700426972e-05 6.429243302874948225e-05 1.777577186827954643e-05 1.928528171131159690e-04 8.655097143368349870e-09 1.466084381364102843e-08 6.116444399936639755e-11 1.966663932556834367e-12 1.026414317292114986e-11 2.763694380173016310e-12
3.906246560898919695e-03 3.755543326480359750e-03 3.690079952771801747e-03 3.705861380625808613e-03 6.701704929687753273e-05 6.340476909546654410e-05 1.752896006168419010e-05 1.911922987185564503e-04 1.017396320583488621e-08 1.744100614184453346e-08 5.346164519960734301e-11 1.385543586552429694e-12 1.209695941157128241e-11 1.472439971609356094e-12
3.906246414848350054e-03 3.756653946632827670e-03 3.691672308520968764e-03 3.707340475285712204e-03 6.600049388308642379e-05 6.246176683225990579e-05 1.726623105470907770e-05 1.892315594979434906e-04 1.056102088306237792e-08 1.818948389297394642e-08 4.726003028237616246e-11 1.252732322039748975e-12 1.231658571429090144e-11 7.123034217932994158e-13
3.906246901911444337e-03 3.757766383600679057e-03 3.693362564251263282e-03 3.708892268873299151e-03 6.498932445108319847e-05 6.151627508188156114e-05 1.700276421998196528e-05 1.870977451706905617e-04 1.018131301186613501e-08 1.757015109977039917e-08 4.415395551880599932e-11 1.890458365867687613e-12 1.296296668949748301e-11 6.539094835407993511e-13
3.906247706128155358e-03 3.758844008122111825e-03 3.695018761611152183e-03 3.710405662967695452e-03 6.401529639812807647e-05 6.059833602216211967e-05 1.674759432239713046e-05 1.849984874353062492e-04 9.581873808126542137e-09 1.656623177225425329e-08 4.547991777203390750e-11 2.905325703446578524e-12 1.700927315080027471e-11 1.397375059081012139e-12
3.906248374682219464e-03 3.759878100876021863e-03 3.696496025650228973e-03 3.711768733859753186e-03 6.308203876451777656e-05 5.971478058059979574e-05 1.650305476682870404e-05 1.831855413529101875e-04 9.277890075532548519e-09 1.607076540157899856e-08 5.086638485314890854e-11 3.401564768116690272e-12 2.467512288917544790e-11 2.821362825586962214e-12
3.906248571336921969e-03 3.760879192644376971e-03 3.697664172115660945e-03 3.712888206440598683e-03 6.217580326227064354e-05 5.885673729614205408e-05 1.626641555288969916e-05 1.818966024622363704e-04 9.613518713082941384e-09 1.666387884517094088e-08 5.853971629043194367e-11 3.274359479207658855e-12 3.205672977369395970e-11 4.498563708989274118e-12
3.906248257259838617e-03 3.761861940902572025e-03 3.698434995598558032e-03 3.713704984252171049e-03 6.128143950042984941e-05 5.801230916454030198e-05 1.603330872307798957e-05 1.812957482330289393e-04 1.059502151982738708e-08 1.836308191080256689e-08 6.645921425710650850e-11 3.283111122121594005e-12 3.438515018812670974e-11 5.854169368154717659e-12
3.906247703011202482e-03 3.762828391906372985e-03 3.698778092960675837e-03 3.714199249538995429e-03 6.039798054821592419e-05 5.718040844124733382e-05 1.580202413988067886e-05 1.814358795963836582e-04 1.176830016794483846e-08 2.040674256929989569e-08 7.216712229668365610e-11 3.533003497961352384e-12 3.057961499452176057e-11 6.414430756159031534e-12
3.906247320391803644e-03 3.763755801224107599e-03 3.698718539336777640e-03 3.714383679273057428e-03 5.954833522330352236e-05 5.638073976823431289e-05 1.557709786545675288e-05 1.822567079504012891e-04 1.230285940945236250e-08 2.135085457519616253e-08 7.386142091703102221e-11 3.266744633652590841e-12 2.357406338504462841e-11 5.954602487952246373e-12
3.906247418141320892e-03 3.764594293073876378e-03 3.698316597325914529e-03 3.714287969231714996e-03 5.877958455947458413e-05 5.565574228949994866e-05 1.537054566650715071e-05 1.836185755243634936e-04 1.139120240985876791e-08 1.974189019908548278e-08 7.256197343188764579e-11 2.879019086385482635e-12 1.639857558981296508e-11 4.584604462248108382e-12
3.906248021306726968e-03 3.765274545039858610e-03 3.697640646793915603e-03 3.713942958092649946e-03 5.815493505134138784e-05 5.506438869201658160e-05 1.520025061092062334e-05 1.853522148991435480e-04 8.786594352832405480e-09 1.510050601785001702e-08 7.129460392511393222e-11 4.547235011933900154e-12 9.924933357749851235e-12 2.823123728674812395e-12
3.906248863381936009e-03 3.765724021520555544e-03 3.696744265044171578e-03 3.713370321586340582e-03 5.773923631556939835e-05 5.466887339077129845e-05 1.508560796608620712e-05 1.873068882801034562e-04 5.156490558051263246e-09 8.605161952336749962e-09 7.274662350306281723e-11 9.639644593763043782e-12 4.818249728100999380e-12 1.517682574427980094e-12
3.906249542611347873e-03 3.765885340615613038e-03 3.695659577318688091e-03 3.712583004983940112e-03 5.758334077096341616e-05 5.451922680122620084e-05 1.504216963754452321e-05 1.893749050831327826e-04 1.912745689730221731e-09 2.798516473057616226e-09 7.871975514187319265e-11 1.694726299133564532e-11 3.105786700341695013e-12 1.504780563993573649e-12
3.906249747848540132e-03 3.765731785062192364e-03 3.694408880185463297e-03 3.711595906107149206e-03 5.771097520536249618e-05 5.463990269170387995e-05 1.507702138129674378e-05 1.914867477139558442e-04 5.174023724397134882e-10 3.072790515117643915e-10 8.909839408959137463e-11 2.478178677089711845e-11 6.264647065599668595e-12 3.230819617760271674e-12
3.906249416536887540e-03 3.765274237838345684e-03 3.693027898568011433e-03 3.710441820523167292e-03 5.811280620551264285e-05 5.502324245886874914e-05 1.518684346203409680e-05 1.935815376447831205e-04 1.640395384713679143e-09 2.310499608292428679e-09 1.016164683381017619e-10 3.304394822942086371e-11 1.326055747720723206e-11 6.623126299689835297e-12
3.906248750740408393e-03 3.764558785678113161e-03 3.691587371983153995e-03 3.709184920813470097e-03 5.874840742391356332e-05 5.563088335325953225e-05 1.535899952482825529e-05 1.955710636480951375e-04 4.736137955962102284e-09 7.808634401499861988e-09 1.133587922591205540e-10 4.124351750723530612e-11 2.135620342831752031e-11 1.111415087895349879e-11
3.906248098306176319e-03 3.763655928761674638e-03 3.690200152541011757e-03 3.707923941272325396e-03 5.955562287513476588e-05 5.640264522226931000e-05 1.557510811681785560e-05 1.973176305120197867e-04 8.362505640842206266e-09 1.423352786649243572e-08 1.203590707086659787e-10 4.615902773648792207e-11 2.760818855871886018e-11 1.565323103523803920e-11
3.906247764264036016e-03 3.762644657425851490e-03 3.689006429716217353e-03 3.706779844411726196e-03 6.046460560066880407e-05 5.727034053989113894e-05 1.581570882926684141e-05 1.986424112162822034e-04 1.102984069334201400e-08 1.896225673200072154e-08 1.180960159356431112e-10 4.424265034757063567e-11 2.939473210267567351e-11 1.883923185923564335e-11
3.906247850595383469e-03 3.761597091015854346e-03 3.688142892163556296e-03 3.705871703984692494e-03 6.141136926472717935e-05 5.817149627899174740e-05 1.606416869378966098e-05 1.993625791807677918e-04 1.198460413292763388e-08 2.067574190162388601e-08 1.056879505489348952e-10 3.577200080854049230e-11 2.552608431068972884e-11 1.942184386362778986e-11
3.906248227117872871e-03 3.760567226840110314e-03 3.687705576555921818e-03 3.705286958106730148e-03 6.234753790072853437e-05 5.905959895287106318e-05 1.630887820725738374e-05 1.993467980365187971e-04 1.139846643200247342e-08 1.967237464868086551e-08 8.721556019750019529e-11 2.453450097540657490e-11 1.774209758395265485e-11 1.699592374640082758e-11
3.906248640477467688e-03 3.759587005034118953e-03 3.687722443559177717e-03 3.705058293614602039e-03 6.324345675010304855e-05 5.990769754827977232e-05 1.654333590613235068e-05 1.985639126040634886e-04 9.962609336411631097e-09 1.716302500012958041e-08 6.864268558194028937e-11 1.408713751162562634e-11 9.991051736148862788e-12 1.236008853176182513e-11
3.906248874317327924e-03 3.758669879393262275e-03 3.688145675713145038e-03 3.705156027607465607e-03 6.408475130423961085e-05 6.070501619446001422e-05 1.676464063175625566e-05 1.971044269000909901e-04 8.325705569460321417e-09 1.429489402147750232e-08 5.566085929262472193e-11 6.309254037084558139e-12 5.847288019734631378e-12 7.170067791339858329e-12
3.906248858275224948e-03 3.757819708070952048e-03 3.688865509459137142e-03 3.705498864017240344e-03 6.486465804985155589e-05 6.144861913533548718e-05 1.697129817332750410e-05 1.951658807788565796e-04 6.820273794937049604e-09 1.165937021152909872e-08 5.202862891245485887e-11 2.482308590926172146e-12 7.446803883375841809e-12 3.153319535284988714e-12
3.906248673495300514e-03 3.757041254375111279e-03 3.689739494154016791e-03 3.705978798088733518e-03 6.557563906505092701e-05 6.213377366783328552e-05 1.716119203825038065e-05 1.930080013956477229e-04 5.553198859292965409e-09 9.434638952663817371e-09 5.796659014455347346e-11 2.910710896569885098e-12 1.601056055289665756e-11 1.404603165365748957e-12
3.906248485023209281e-03 3.756348526991781442e-03 3.690626234511716272e-03 3.706490501386045314e-03 6.620331024686365714e-05 6.274664198067838716e-05 1.733021556464890668e-05 1.908955098494033453e-04 4.595534510576186492e-09 7.729967209836401578e-09 7.059793655325189903e-11 5.615577713511795452e-12 3.076708084374212087e-11 2.054841299521064950e-12
3.906248439755644411e-03 3.755767843595327841e-03 3.691413624488808481e-03 3.706955144692696252e-03 6.672467204833293841e-05 6.326210551987470352e-05 1.747187353662718056e-05 1.890472696411570259e-04 4.033975393624041735e-09 6.704029706716524146e-09 8.463406125290766230e-11 7.647961766946352535e-12 4.680280346579707249e-11 4.293598094562605706e-12
3.906248599023088262e-03 3.755334789738269934e-03 3.692034142686981442e-03 3.707331222203113889e-03 6.711061729995700001e-05 6.364716350929191710e-05 1.757785757390239166e-05 1.876070619210843163e-04 3.870851736895900138e-09 6.389058294395649245e-09 9.370470933956987580e-11 7.911068174566283004e-12 5.663930417301002396e-11 6.759995263903860770e-12
3.906248912793094333e-03 3.755086414635572332e-03 3.692464965865335097e-03 3.707610950674131937e-03 6.733144112824536486e-05 6.386834634747121651e-05 1.763946824384760083e-05 1.866408092860989253e-04 3.939800367443466564e-09 6.507248774298613153e-09 9.442747440035360016e-11 7.194159008113152987e-12 5.594032603223839210e-11 8.237109295620478340e-12
3.906249262368404872e-03 3.755051647050219529e-03 3.692715021513817697e-03 3.707806224324963675e-03 6.736344836673883616e-05 6.390028756593358456e-05 1.764956833661539981e-05 1.861558524841025648e-04 3.960345504835401411e-09 6.547641384009333975e-09 8.849110888755104804e-11 6.018328177698113737e-12 4.683402236198693128e-11 8.226960121797551665e-12
3.906249525994338889e-03 3.755243547459266411e-03 3.692805272890468862e-03 3.707931810399424030e-03 6.719456243263630601e-05 6.373229013195679524e-05 1.760450458001152797e-05 1.861305739562053526e-04 3.702072111960415475e-09 6.086672518495559150e-09 7.960722093669395679e-11 4.419405306713284115e-12 3.480397584449638421e-11 6.991804784952315310e-12
3.906249640719451979e-03 3.755655826625074484e-03 3.692750282383257254e-03 3.707992969113651106e-03 6.682757393096631254e-05 6.337092014817882714e-05 1.750536434329526899e-05 1.865410861560065116e-04 3.143644063879363754e-09 5.106373717950703091e-09 7.077120745913475165e-11 3.302251404658921115e-12 2.362241058161333933e-11 5.147478654070449794e-12
3.906249613480190785e-03 3.756264510778624301e-03 3.692549547133756101e-03 3.707982436284274624e-03 6.628014814703663958e-05 6.283804604641430496e-05 1.735797743929277999e-05 1.873730776893411628e-04 2.514290061762122457e-09 4.048145718088071985e-09 6.406437227349983777e-11 3.840796255481077068e-12 1.428042245417675768e-11 3.287183767270770933e-12
3.906249507531321316e-03 3.757033503321852846e-03 3.692192764030754418e-03 3.707887005885328671e-03 6.558182176382743066e-05 6.216564659050731738e-05 1.717159680179705693e-05 1.886143400085029407e-04 2.176214568875557728e-09 3.546790493665829786e-09 6.019292627746171974e-11 5.539375105134105457e-12 7.102240172248171179e-12 1.858143814020855341e-12
3.906249397052337716e-03 3.757921204518094305e-03 3.691675540146898294e-03 3.707699042484379360e-03 6.476937521130659398e-05 6.138995357818534523e-05 1.695688187987023088e-05 1.902340489835664249e-04 2.408673596095182276e-09 4.036434821219747146e-09 5.870531042498322358e-11 6.686585084435557634e-12 2.685235044485875042e-12 1.115621047143308779e-12
3.906249330410220977e-03 3.758885581748253740e-03 3.691016645117654697e-03 3.707426844779148321e-03 6.388223350708951466e-05 6.054726851808468806e-05 1.672416688030356987e-05 1.921610851855318788e-04 3.227926210251168750e-09 5.493463438401729677e-09 5.882057816714025132e-11 6.786330552773122739e-12 1.044803484452518943e-12 1.073068122641234221e-12
3.906249318351256907e-03 3.759886143932544746e-03 3.690266590778925986e-03 3.707098742336172818e-03 6.295945740083508098e-05 5.967262245673096862e-05 1.648282621889960066e-05 1.942743594663759942e-04 4.362547281807483809e-09 7.451145483940680566e-09 5.912891928361549081e-11 6.895498507756536615e-12 1.253323977273404563e-12 1.557862043550466261e-12
3.906249344827852996e-03 3.760883276363623413e-03 3.689502737160180873e-03 3.706759643199555691e-03 6.203897191155894220e-05 5.880070022065585135e-05 1.624180405363364021e-05 1.964108142722985123e-04 5.384384367015339822e-09 9.210196367452238695e-09 5.867456982008202995e-11 7.576112804618761382e-12 2.118434050141593496e-12 2.394941081885831189e-12
3.906249389682456968e-03 3.761836478740929884e-03 3.688813347803024650e-03 3.706461896940708642e-03 6.115859656692566014e-05 5.796743501191372076e-05 1.601064448558429940e-05 1.983881374255448194e-04 5.889388305473234439e-09 1.008891033727532737e-08 5.858533930546020231e-11 8.114762442095109312e-12 2.821871980326803129e-12 3.571898936703416941e-12
3.906249435099951820e-03 3.762703256807943455e-03 3.688278104926580141e-03 3.706253894405936097e-03 6.035754540464297610e-05 5.721071757223409780e-05 1.580009417016914778e-05 2.000335951660794660e-04 5.637464639647499961e-09 9.643939469776442456e-09 6.038452397620081496e-11 7.952395503412616566e-12 3.197971372729040595e-12 5.203618526890705822e-12
3.906249468302428179e-03 3.763439763981557638e-03 3.687953081613810653e-03 3.706169949637230874e-03 5.967664648207279268e-05 5.656937686530101714e-05 1.562167896944581305e-05 2.012094559908342750e-04 4.642797239031773350e-09 7.871060873199688319e-09 6.419831652284139328e-11 7.750535570828984253e-12 3.707280988811035728e-12 7.317430147641367122e-12
3.906249472575661855e-03 3.764003708621831926e-03 3.687865016219759283e-03 3.706224694729470283e-03 5.915589948806120193e-05 5.608032919431018995e-05 1.548631036620197075e-05 2.018279349719596808e-04 3.226851281250144729e-09 5.341285896217996034e-09 6.950944484848978337e-11 8.801865041897973004e-12 4.957529015859722917e-12 9.728851075702119532e-12
3.906249429097166312e-03 3.764359418273838850e-03 3.688015010401386566e-03 3.706414003847208465e-03 5.882914307144581950e-05 5.577424354412952994e-05 1.540249865398694374e-05 2.018530846551294981e-04 1.974274142476952933e-09 3.112466148229360051e-09 7.547328626154027547e-11 1.180524486321972172e-11 7.175720487916350458e-12 1.213878260874475915e-11
3.906249323865241142e-03 3.764484102240133693e-03 3.688387289731533906e-03 3.706721415536217475e-03 5.871733394978508226e-05 5.567052468157788917e-05 1.537487403305562984e-05 2.012932098331813061e-04 1.514009204387936082e-09 2.305700837462827400e-09 8.090146312693859174e-11 1.621573884942520386e-11 1.016985397075424610e-11 1.424018994334493181e-11
3.906249173858056950e-03 3.764373132611684332e-03 3.688956413844520464e-03 3.707125452768064711e-03 5.882334402689050096e-05 5.577309622155117647e-05 1.540352087404877905e-05 2.001920295876117358e-04 2.190532673808775864e-09 3.514716076729219445e-09 8.519773200068430764e-11 2.072418469472975700e-11 1.347837145149980778e-11 1.562360874022405397e-11
3.906249034096658315e-03 3.764041662620853240e-03 3.689687811574923672e-03 3.707602114969078475e-03 5.913119064022414071e-05 5.606891246585603278e-05 1.548429338672257296e-05 1.986265186322429515e-04 3.854956071846459200e-09 6.457715173546327289e-09 8.769699556851962787e-11 2.447699051706994810e-11 1.610687768442172733e-11 1.567673601437980856e-11
3.906248972401910047e-03 3.763521091269376312e-03 3.690532058311149152e-03 3.708120608404179980e-03 5.961063592664119366e-05 5.653048980675598868e-05 1.560992871523560424e-05 1.967119400786234741e-04 5.962063075199054949e-09 1.016521784611678191e-08 8.651079567854783098e-11 2.744879600279448353e-11 1.655290553376257610e-11 1.389491443360286330e-11
3.906249003241710378e-03 3.762850926117570528e-03 3.691417856186499091e-03 3.708635453504085036e-03 6.022560739268527461e-05 5.712243072723851667e-05 1.577164049456558978e-05 1.946074969956159556e-04 7.898663820861323481e-09 1.355769691451611551e-08 8.084766040850026699e-11 2.895357292878538635e-11 1.398270520889769342e-11 1.046198964030074038e-11
3.906249071441591451e-03 3.762069085009583404e-03 3.692250777043969753e-03 3.709082006464220482e-03 6.094281348927961452e-05 5.780986676530574402e-05 1.596076118676064930e-05 1.925123038812395510e-04 9.270868884142607189e-09 1.594944451050228259e-08 7.307888736702348072e-11 2.681558047112078445e-11 9.551601105906662940e-12 6.497825799953801064e-12
3.906249086520366051e-03 3.761204473743283514e-03 3.692921550321320249e-03 3.709380889108122165e-03 6.173697987690690266e-05 5.856564086033808986e-05 1.617005320638214004e-05 1.906461730167925608e-04 9.951955839066510661e-09 1.713694021586478548e-08 6.730271743119939269e-11 1.997384699903226093e-11 6.690043153467068404e-12 3.736128020788444470e-12
3.906248988199938731e-03 3.760274566553434891e-03 3.693322589968032078e-03 3.709451708791451207e-03 6.259127264750531899e-05 5.937345100955685855e-05 1.639439655517344312e-05 1.892178895647450684e-04 9.939817064769361536e-09 1.714142177197803572e-08 6.709717123785165723e-11 1.129114855726821751e-11 1.003969124412657934e-11 3.791702826898691823e-12
3.906248774983435250e-03 3.759288794141888920e-03 3.693367803115148520e-03 3.709231499711498209e-03 6.349364965774181087e-05 6.022549970875710752e-05 1.663057303103378874e-05 1.883901149012464531e-04 9.235394127031077438e-09 1.597049702013077992e-08 7.291920227612904118e-11 5.888334748559885145e-12 2.290140691329438630e-11 7.337419866762567085e-12
3.906248512956315196e-03 3.758256158815321320e-03 3.693009833189167101e-03 3.708691007356818350e-03 6.443138313312901666e-05 6.111554737552934307e-05 1.687609941735492542e-05 1.882517819116356016e-04 7.875503310021153498e-09 1.365959142520779151e-08 8.122755983074205797e-11 6.827239257832014095e-12 4.404876299420099450e-11 1.353893552782811548e-11
3.906248312116714604e-03 3.757193925074261368e-03 3.692250264535802337e-03 3.707843127029119158e-03 6.538594247710738264e-05 6.203023412479955845e-05 1.712741673844978980e-05 1.888059943825995965e-04 6.060417623036390389e-09 1.051743636143021176e-08 8.773196800018111609e-11 1.336268198664383142e-11 6.684667606240603484e-11 2.013628177546583609e-11
3.906248282383639227e-03 3.756133935110192012e-03 3.691140386245573158e-03 3.706741147567033188e-03 6.632958277748979411e-05 6.294242975294913700e-05 1.737811833546692926e-05 1.899764020331294015e-04 4.206435929115164143e-09 7.261699085756869656e-09 8.951640246533278859e-11 2.215639458027199169e-11 8.292435311706655068e-11 2.439824555000065393e-11
3.906248467205467641e-03 3.755123996002753331e-03 3.689772417295602170e-03 3.705468311520979108e-03 6.722425772885247961e-05 6.380961841543401306e-05 1.761799957961037531e-05 1.916290652644949983e-04 2.813806831707843796e-09 4.800796251873718615e-09 8.436628358393424158e-11 2.841992906406747931e-11 8.717097160870823418e-11 2.441901032270928602e-11
3.906248813809862566e-03 3.754223664771229058e-03 3.688262894155607072e-03 3.704122586891660934e-03 6.802321425361744750e-05 6.457826737258987916e-05 1.783343998740210995e-05 1.936029578542509879e-04 2.207560137180176838e-09 3.741611518693280055e-09 7.224927432124686471e-11 2.783273034789044073e-11 7.907559135548749304e-11 2.003954144417847540e-11
3.906249204890479675e-03 3.753495636900697468e-03 3.686732247467215846e-03 3.702801378785672889e-03 6.867544020171504769e-05 6.519271681371790193e-05 1.800912755044323314e-05 1.957397849570825462e-04 2.331356422449136911e-09 3.983599792352304246e-09 5.801885245700617325e-11 2.014402449973388796e-11 6.101290360408304137e-11 1.306527106586589316e-11
3.906249521652623968e-03 3.752995340764966013e-03 3.685286081563549174e-03 3.701589919446517541e-03 6.913259401356185098e-05 6.560548723433804645e-05 1.813068303247056341e-05 1.979047712663535119e-04 2.763742177643454256e-09 4.754132954533600862e-09 4.982736238565276555e-11 1.030831007366797483e-11 3.771850004884120247e-11 6.680306235578686513e-12
3.906249680451181604e-03 3.752761402443313341e-03 3.684003572509162838e-03 3.700554970372921335e-03 6.935718012329750994e-05 6.578582797327595414e-05 1.818747978674872215e-05 1.999937176124197175e-04 2.984350070794964450e-09 5.125747074228487717e-09 5.413091949878458961e-11 4.560954161638738019e-12 1.707234375481929933e-11 4.145607855637471057e-12
3.906249638214264949e-03 3.752809253994027379e-03 3.682936388855308565e-03 3.699743899254110107e-03 6.932989257189002867e-05 6.572434232338895130e-05 1.817486242436538069e-05 2.019262356794841251e-04 2.731011564022978830e-09 4.668819450441385895e-09 7.204163742255559900e-11 5.937208370424449001e-12 7.550556880702444104e-12 7.186259058399339335e-12
3.906249407951561947e-03 3.753129131063669046e-03 3.682117299882966491e-03 3.699187886178709889e-03 6.905389444520577198e-05 6.543306833402281575e-05 1.809509888944123754e-05 2.036300940372598044e-04 2.194613123821085954e-09 3.757887325273610369e-09 9.818179206085877088e-11 1.408361458276305109e-11 1.223705329640645250e-11 1.501407260708188778e-11
3.906249077497418731e-03 3.753689002369670156e-03 3.681573121953846377e-03 3.698907239644405858e-03 6.855438286211653005e-05 6.494153191257984615e-05 1.795670372622320475e-05 2.050254923387563350e-04 1.890220191220804776e-09 3.293216119249152040e-09 1.230228819115617539e-10 2.670129618279822417e-11 2.621886758884315265e-11 2.473901530520818465e-11
3.906248787823056109e-03 3.754441694179694484e-03 3.681334087055348255e-03 3.698916017658775493e-03 6.787326213904761626e-05 6.429013653587450786e-05 1.777232900176047521e-05 2.060190020683716722e-04 2.288612749268659498e-09 4.053494547613976463e-09 1.377448628044674054e-10 3.902022265161076201e-11 4.056478376061457275e-11 3.279289653092801062e-11
3.906248651645565818e-03 3.755334101475109494e-03 3.681433814190825451e-03 3.699223504214341034e-03 6.706061420900665156e-05 6.352287633294611603e-05 1.755597147923686907e-05 2.065124331979376494e-04 3.491315638225026238e-09 6.177037214979679175e-09 1.367778128042657405e-10 4.466071703313083672e-11 4.811534693357929678e-11 3.644228410270371984e-11
3.906248692784167892e-03 3.756315846292470218e-03 3.681899044962572056e-03 3.699831259101773670e-03 6.616563050773070266e-05 6.268110759591117621e-05 1.732039686153859326e-05 2.064253947286604732e-04 5.184724770159811512e-09 9.119610726250586584e-09 1.199298843563452500e-10 4.040319178947449330e-11 4.605176022217163945e-11 3.471709178651519066e-11
3.906248845812256357e-03 3.757344843987908776e-03 3.682734075780932752e-03 3.700726677420204235e-03 6.522990502593907351e-05 6.179980257763699448e-05 1.707560397209060716e-05 2.057231239431566772e-04 6.860541735417936256e-09 1.202340317425706137e-08 9.430490006238147508e-11 2.946972502891078214e-11 3.582679681185038307e-11 2.854645595033185331e-11
3.906249025230649260e-03 3.758388511277470107e-03 3.683907398462833195e-03 3.701875788654991010e-03 6.428495877328508560e-05 6.090683695058406286e-05 1.682870663311979772e-05 2.044384217122703661e-04 8.078325253902547031e-09 1.413488220625039113e-08 6.960139085024908864e-11 1.817237440900796553e-11 2.223326989806326421e-11 2.013295400390955127e-11
3.906249170986926533e-03 3.759421079966684519e-03 3.685346554383233265e-03 3.703218656598822062e-03 6.335404426085602448e-05 6.002486380022058790e-05 1.658501507459183110e-05 2.026789945308207612e-04 8.575686854376320228e-09 1.498609135117726114e-08 5.158831023893996682e-11 1.013920429431229915e-11 1.084763158421604450e-11 1.188258245420509042e-11
3.906249264626228575e-03 3.760418843913815746e-03 3.686943282765311851e-03 3.704670123411062804e-03 6.245666449139078500e-05 5.917462824993590656e-05 1.634962768747226945e-05 2.006169547666468791e-04 8.238310965606687676e-09 1.436641219492220137e-08 4.156819557311820409e-11 5.213144464764155996e-12 4.900796939690587245e-12 5.609978810105495509e-12
3.906249316001169768e-03 3.761355709212276226e-03 3.688566695676271257e-03 3.706126631521886126e-03 6.161346220783890518e-05 5.837820059007084857e-05 1.612869933024510270e-05 1.984639229993305986e-04 7.076754739690651007e-09 1.230053833996853886e-08 3.880854058481241838e-11 2.231072513018171240e-12 4.504604975508427346e-12 2.293678674871923946e-12
3.906249350668761482e-03 3.762201025821477075e-03 3.690080207657889678e-03 3.707477815872306168e-03 6.084938861596302437e-05 5.766078074430889839e-05 1.592982261882323135e-05 1.964391795150715301e-04 5.290256586788446248e-09 9.149221208750855307e-09 4.210433087551377154e-11 7.704403695584379920e-13 8.178853107236116023e-12 2.070876497430169714e-12
3.906249386145547921e-03 3.762920543847646498e-03 3.691357821992926128e-03 3.708619765106839234e-03 6.019402672866707696e-05 5.705027913715214486e-05 1.576143441812881985e-05 1.947396997178353563e-04 3.328419690983811433e-09 5.699460936232224707e-09 5.042378891838446245e-11 1.016617323074054776e-12 1.405338524427080354e-11 4.361330569907880072e-12
3.906249422333680707e-03 3.763480035090944077e-03 3.692296945094064500e-03 3.709466551228855335e-03 5.967912828282170493e-05 5.657475531173217632e-05 1.563160549647460781e-05 1.935186824176336046e-04 1.806140837106742401e-09 3.019038745899719846e-09 6.245121566297667742e-11 3.333241672839070015e-12 1.986347493668779871e-11 8.170937299527855135e-12
3.906249448851212367e-03 3.763850051791130420e-03 3.692826715202196693e-03 3.709957805839336504e-03 5.933429918859210527e-05 5.625865479334098368e-05 1.554679078495436429e-05 1.928748605359044941e-04 1.252039301942486983e-09 2.032152646131707521e-09 7.596575632511797898e-11 7.648708998941488573e-12 2.340652108578535489e-11 1.239544051117394045e-11
3.906249464344009516e-03 3.764010081519313360e-03 3.692912110084481479e-03 3.710062113709196654e-03 5.918224617437372259e-05 5.611926580020705583e-05 1.551103649288526637e-05 1.928506802695170393e-04 1.835992563217533454e-09 3.044432620281753525e-09 8.900976265897832348e-11 1.270469636456450558e-11 2.387514334969202255e-11 1.590372480521389667e-11
3.906249475596975090e-03 3.763951057765700398e-03 3.692554017372549815e-03 3.709777081817907524e-03 5.923473753662364784e-05 5.616443435370498729e-05 1.552576531674504726e-05 1.934364797700637744e-04 3.261888592405396883e-09 5.541738080381424211e-09 9.985158815141495421e-11 1.641346207153442081e-11 2.238128819196966439e-11 1.757187962199427994e-11
3.906249484179848651e-03 3.763675961494453680e-03 3.691786069485448497e-03 3.709127478559376585e-03 5.949032710426176910e-05 5.639202082731742144e-05 1.558997055846958062e-05 1.945772234405133017e-04 4.897645912865624665e-09 8.411124391370575532e-09 1.052626715556384826e-10 1.721793752473001017e-11 2.086340295154377855e-11 1.662941029384822597e-11
3.906249481783915806e-03 3.763198849337546191e-03 3.690669383551372675e-03 3.708162201856613979e-03 5.993442773735871518e-05 5.679081598571334149e-05 1.570053227961469409e-05 1.961796351409940723e-04 6.065343308108176030e-09 1.045764030801917646e-08 1.022457459081948386e-10 1.481846625725005573e-11 2.038264855607297322e-11 1.320015508307760301e-11
3.906249460777892063e-03 3.762542950589819763e-03 3.689286607903341769e-03 3.706950182536285221e-03 6.054173774944749227e-05 5.734220658508324228e-05 1.585250423267841108e-05 1.981189721672561507e-04 6.332427956441630131e-09 1.092291804034278624e-08 9.094298202132920171e-11 1.020309357735525860e-11 2.038659399959804693e-11 8.499962766462037253e-12
3.906249429808051222e-03 3.761738305703631827e-03 3.687736243692392273e-03 3.705575130744301685e-03 6.128033032996822249e-05 5.802192057832888423e-05 1.603941381322848220e-05 2.002457314500188175e-04 5.662123397937609742e-09 9.745661466000705984e-09 7.442264774236520540e-11 5.767220873985436965e-12 1.968796976940388772e-11 4.458611560370106268e-12
3.906249406085671259e-03 3.760819669885308129e-03 3.686126765013800211e-03 3.704129129602208321e-03 6.211585673867902116e-05 5.880129983858922770e-05 1.625359911173689703e-05 2.023943439496010330e-04 4.380982004180453893e-09 7.499986759910613943e-09 5.813720793172118704e-11 4.500096712395217361e-12 1.808479143852011822e-11 2.996365168711309437e-12
3.906249400922565639e-03 3.759824882457313104e-03 3.684569752410695766e-03 3.702705758100604139e-03 6.301449253141905478e-05 5.964821539119240576e-05 1.648657465195989193e-05 2.043947703783179093e-04 3.013565319745172334e-09 5.108946555159761540e-09 4.870355572366842711e-11 7.704059863859413693e-12 1.646328562649360033e-11 5.250364759849799528e-12
3.906249410635148807e-03 3.758793872646938507e-03 3.683171476790427293e-03 3.701393576199612200e-03 6.394380677062768770e-05 6.052792944569491290e-05 1.672927727130343292e-05 2.060870454535107543e-04 2.079503366765482293e-09 3.490734161460213584e-09 4.974887908569564185e-11 1.373749094166175124e-11 1.518654663580992968e-11 1.101286860929815077e-11
3.906249424986207343e-03 3.757768034244929247e-03 3.682023932000473305e-03 3.700270665944576255e-03 6.487181365691518258e-05 6.140419016367798706e-05 1.697211076342228814e-05 2.073365956281333986e-04 1.922619975811411776e-09 3.249361409858658729e-09 5.993252034920623879e-11 1.943449241234661707e-11 1.338896487778652381e-11 1.862536421363493231e-11
3.906249432321499005e-03 3.756789451900612378e-03 3.681197294431560931e-03 3.699400308488579557e-03 6.576547420739063134e-05 6.224067665820490495e-05 1.720492583407968602e-05 2.080472882705004291e-04 2.593505907807543156e-09 4.459625708026562490e-09 7.473456610486434471e-11 2.231866209447382942e-11 1.074636766872319948e-11 2.557921823591174085e-11
3.906249434078884041e-03 3.755899442910478302e-03 3.680735773240083157e-03 3.698827651343804430e-03 6.659012994154623602e-05 6.300261059167096495e-05 1.741723395092723383e-05 2.081691764660206616e-04 3.809674612022539521e-09 6.607733683820783796e-09 8.894859076688118875e-11 2.179843858349182581e-11 9.140329725123756330e-12 2.965944853038947101e-11
3.906249436760138999e-03 3.755136363167649663e-03 3.680656858532720642e-03 3.698577118509298062e-03 6.731072955011945772e-05 6.365824554494179375e-05 1.759890255998246064e-05 2.077003931491521566e-04 5.036022295030801036e-09 8.753621378821946491e-09 9.924896191354211459e-11 1.997119844263117650e-11 1.114645044177211471e-11 2.988854008478966744e-11
3.906249447760577840e-03 3.754533078173537524e-03 3.680952627021848861e-03 3.698651008287051015e-03 6.789459084438909120e-05 6.418010877522337869e-05 1.774127175490316889e-05 2.066840622092937891e-04 5.700500723948042295e-09 9.911759352370176759e-09 1.052005697016629030e-10 2.167659883079292362e-11 1.724398549721304125e-11 2.679617109473249805e-11
3.906249461943590677e-03 3.754114682127925994e-03 3.681591896994864353e-03 3.699030280698832520e-03 6.831468756278515932e-05 6.454624337194358487e-05 1.783829624164974561e-05 2.052012567816153827e-04 5.467133803686750496e-09 9.508096809747260683e-09 1.072405197065592407e-10 3.113075040906634565e-11 2.540401948567252532e-11 2.191831803932410685e-11
3.906249470562894299e-03 3.753896967469418436e-03 3.682522633244308258e-03 3.699677649874327703e-03 6.855227064281248597e-05 6.474161994577382995e-05 1.788716502708820314e-05 2.033619062353960718e-04 4.412580391127557146e-09 7.672837179271402770e-09 1.052618958152366241e-10 4.707923190702087620e-11 3.260298279757459546e-11 1.688112219768618753e-11
3.906249468120699848e-03 3.753885812998983447e-03 3.683675160340116155e-03 3.700542061320321024e-03 6.859815630670191211e-05 6.475954272000444324e-05 1.788809460728266963e-05 2.012952876694239159e-04 2.994656308352643319e-09 5.196080605010339568e-09 1.002497549540523629e-10 6.292724475908310579e-11 3.574734028616668905e-11 1.280563453920662509e-11
3.906249461333699633e-03 3.754077601951901280e-03 3.684966625862909698e-03 3.701562801744405495e-03 6.845261993008696158e-05 6.460225293366794990e-05 1.784339685907809629e-05 1.991420501449634567e-04 1.831264902172480332e-09 3.161375115118197440e-09 9.418462603179441838e-11 7.212218074533686541e-11 3.231924080576652725e-11 1.024301295848201590e-11
3.906249460264286846e-03 3.754460601410915688e-03 3.686306842562957209e-03 3.702672383456683675e-03 6.812434270054058025e-05 6.427998592804188421e-05 1.775631281935321248e-05 1.970480338514139828e-04 1.421381271556608100e-09 2.456531713201463555e-09 8.848395061240354780e-11 7.191461026438908868e-11 2.267661827475128660e-11 9.348267329255733766e-12
3.906249468203087938e-03 3.755016987761965446e-03 3.687605112546834315e-03 3.703799108218302182e-03 6.762886470079293975e-05 6.380861068759121756e-05 1.763021174944160184e-05 1.951581670368554209e-04 1.945083461991612454e-09 3.402345367152195196e-09 8.460996471931315650e-11 6.243052546890456904e-11 1.178459386062458827e-11 9.884525453712098094e-12
3.906249478981904579e-03 3.755724806166800631e-03 3.688777279258848973e-03 3.704871099023001810e-03 6.698701291089261141e-05 6.320699088720985355e-05 1.746852755463482697e-05 1.936078651745627341e-04 3.203108224813759011e-09 5.635805579910271953e-09 8.372597901716336771e-11 4.587733726001976812e-11 6.731953780079151459e-12 1.119736066749455878e-11
3.906249484848948843e-03 3.756558904112002398e-03 3.689751777864945861e-03 3.705822319938322472e-03 6.622388721932837940e-05 6.249570798381528125e-05 1.727541569710551521e-05 1.925114612603396030e-04 4.688496998242452922e-09 8.250417513734110010e-09 8.560633266838690985e-11 2.802365180344610418e-11 1.259290029569733195e-11 1.260736072426253105e-11
3.906249483203898427e-03 3.757490352279822549e-03 3.690473404434168117e-03 3.706598787630214706e-03 6.536869352984726791e-05 6.169789840081796133e-05 1.705669702616196510e-05 1.919506522551685268e-04 5.765414843329560681e-09 1.012945235816488345e-08 8.952041999170211340e-11 1.677424687205959643e-11 3.095184396754934126e-11 1.380097535813768591e-11
3.906249470373916559e-03 3.758484984329805035e-03 3.690904680798818855e-03 3.707162421611727258e-03 6.445515958470866662e-05 6.084139349170339579e-05 1.682049801202115647e-05 1.919668818566377195e-04 5.923179066285414770e-09 1.039083493084869230e-08 9.490041456779203310e-11 1.668231624867965677e-11 5.976184650501651301e-11 1.471537818344417676e-11
3.906249439105472128e-03 3.759502347706884622e-03 3.691025987967026887e-03 3.707491360563751857e-03 6.352175597787965177e-05 5.996037216753402269e-05 1.657719364912518852e-05 1.925594367918990611e-04 5.027469604311905680e-09 8.811319939698162487e-09 1.003349774878652718e-10 2.568996283955896457e-11 9.162716766928095594e-11 1.513166524403608309e-11
3.906249374742678821e-03 3.760496486557270927e-03 3.690836223855820889e-03 3.707578199570272636e-03 6.261081263084721481e-05 5.909487651197350326e-05 1.633862781262967437e-05 1.936876228483392606e-04 3.437197629999319303e-09 6.022491236415329783e-09 1.035445608563070192e-10 3.771593130551459379e-11 1.139581347420115718e-10 1.459469999221445046e-11
3.906249275966625079e-03 3.761419125944566628e-03 3.690354736771872535e-03 3.707428990541432323e-03 6.176594276409933394e-05 5.828768381993164137e-05 1.611689791755035434e-05 1.952738396049323306e-04 1.882434091797311583e-09 3.302763259765779594e-09 1.022252514008511148e-10 4.679383112198187138e-11 1.160537865493922994e-10 1.291434543437307996e-11
3.906249168168840925e-03 3.762224789532930998e-03 3.689623991942962613e-03 3.707065040413158770e-03 6.102791185801870270e-05 5.757937946123710274e-05 1.592306594727456096e-05 1.972052578542297420e-04 1.127368704766110470e-09 1.993390251059356517e-09 9.480542960626287364e-11 4.836931558130900993e-11 9.743468868884562652e-11 1.051986634523160911e-11
3.906249095487497776e-03 3.762876322225520639e-03 3.688711087180591638e-03 3.706526543502456066e-03 6.042994758092535380e-05 5.700330016136791834e-05 1.576605606642875304e-05 1.993350187746736576e-04 1.595725070606061369e-09 2.838894978450217732e-09 8.288692025321866491e-11 4.050700290505388232e-11 6.749331145366658282e-11 8.298166149956191104e-12
3.906249081269137780e-03 3.763349232199912110e-03 3.687706180759775434e-03 3.705874808796843795e-03 5.999385964688715557e-05 5.658182576659639057e-05 1.565182924481742534e-05 2.014862424651662598e-04 3.182164622295360030e-09 5.650499281952203297e-09 7.105894310137933529e-11 2.668883288922540580e-11 3.787818246706724854e-11 7.267486377339032605e-12
3.906249115751001325e-03 3.763633514706879284e-03 3.686716885444870674e-03 3.705189835240517166e-03 5.972833044080080850e-05 5.632489952905588167e-05 1.558292726459831372e-05 2.034616006856104873e-04 5.356448556836412015e-09 9.490089860452916591e-09 6.276980838158436107e-11 1.543987236949025201e-11 1.715570848000202956e-11 8.213809755894077446e-12
3.906249157469063489e-03 3.763732417220755876e-03 3.685858138848871392e-03 3.704561632103220339e-03 5.963016729925756034e-05 5.623103073635911370e-05 1.555858349166892472e-05 2.050601575805065778e-04 7.472455426334019663e-09 1.321931715019801063e-08 5.892329618161992864e-11 1.476171579941471583e-11 1.068158980972496113e-11 1.129823627943749239e-11
3.906249152972227426e-03 3.763658320758493138e-03 3.685237362532981995e-03 3.704075955929405327e-03 5.968835252044913991e-05 5.629056934856902785e-05 1.557560317772470232e-05 2.061015593181638708e-04 9.058632871011279109e-09 1.601284715342644938e-08 5.970834719466744662e-11 2.681792187327355528e-11 1.979392094855611775e-11 1.569804903522010281e-11
3.906249041023553571e-03 3.763427016847391716e-03 3.684936319985785465e-03 3.703797629388932457e-03 5.988955093589697613e-05 5.649035673068761537e-05 1.562987855534576169e-05 2.064546699541158238e-04 9.907057018651140017e-09 1.751113585723042037e-08 6.513714658050894435e-11 4.804672350198182486e-11 3.913821013303578174e-11 1.975481080584401282e-11
3.906248784659667721e-03 3.763052317619240174e-03 3.684993656225042311e-03 3.703756324228134680e-03 6.022297415356997843e-05 5.681825970452841453e-05 1.571798770023383188e-05 2.060638892757408905e-04 9.969904352880804770e-09 1.763310353908266734e-08 7.417232376822399057e-11 7.197635390743791617e-11 5.832069388080470701e-11 2.181571275517333025e-11
3.906248412895230344e-03 3.762542816207838092e-03 3.685393309278674201e-03 3.703939060562985459e-03 6.068282118012481417e-05 5.726609666915421181e-05 1.583819068300850296e-05 2.049654210997375317e-04 9.234858046451168416e-09 1.635579417408178270e-08 8.466750153566241760e-11 9.062969323313673129e-11 6.826704533212540501e-11 2.102511108318897182e-11
3.906248043027468492e-03 3.761902389488518822e-03 3.686064857608232007e-03 3.704292761071291146e-03 6.126704368775762980e-05 5.782944802248383596e-05 1.599022251500100062e-05 2.032854008568945150e-04 7.746562534667706243e-09 1.375424840900383785e-08 9.408905484292647850e-11 9.692433168588808168e-11 6.560040338041565101e-11 1.762404792968406797e-11
3.906247830970997151e-03 3.761134755889470119e-03 3.686898658855721368e-03 3.704737265337327244e-03 6.197254715040860799e-05 5.850395209932200219e-05 1.617381710328600909e-05 2.012168235007832093e-04 5.748107509961951954e-09 1.025082589618372882e-08 1.013928901557013176e-10 8.909048398117406169e-11 5.205502813836783718e-11 1.276197767045019804e-11
3.906247897518553679e-03 3.760250747007367993e-03 3.687773004884133121e-03 3.705185764231257433e-03 6.278840542102553652e-05 5.927915219703813428e-05 1.638648279067312372e-05 1.989797546379918052e-04 3.738906144936232189e-09 6.714781584351464940e-09 1.080997534655131311e-10 7.210152762133061457e-11 3.265079407529110819e-11 8.017512731617195890e-12
3.906248269428934210e-03 3.759275739666766928e-03 3.688584917736841343e-03 3.705567118863621091e-03 6.368950325109500477e-05 6.013217394919718193e-05 1.662148062197557350e-05 1.967760607147268535e-04 2.289284702727426266e-09 4.137511470341276365e-09 1.150849137189670522e-10 5.330711942074210882e-11 1.484886052145417368e-11 4.842605324832591477e-12
3.906248854059528580e-03 3.758254024628219104e-03 3.689272933696294277e-03 3.705842901499213811e-03 6.463323964892489352e-05 6.102410511085381515e-05 1.686703575100356031e-05 1.947538970730933097e-04 1.697473981137958241e-09 3.039138442704766443e-09 1.196281339471319146e-10 3.712371629845948592e-11 5.723044892830344003e-12 3.875925358828711700e-12
3.906249431602550233e-03 3.757247482730469330e-03 3.689822265923041120e-03 3.706012651509748776e-03 6.556132671511666257e-05 6.190129345167333678e-05 1.710734761870307655e-05 1.929950569493803019e-04 1.786202795588256768e-09 3.122677210372859100e-09 1.178866328730335220e-10 2.493146196861900557e-11 7.776174306248733618e-12 4.630426133638850433e-12
3.906249722833587349e-03 3.756327752807937358e-03 3.690250083622779662e-03 3.706104453088403597e-03 6.640723391316493654e-05 6.270209699258220287e-05 1.732516251928194491e-05 1.915296630790921917e-04 2.067558080686012698e-09 3.563361570109298839e-09 1.081534642404975986e-10 1.785397924992375054e-11 1.857945270387394480e-11 5.970976543453539653e-12
3.906249552420722106e-03 3.755563632025213372e-03 3.690578469379475739e-03 3.706154109187678562e-03 6.710770996863342323e-05 6.336744824701579057e-05 1.750497048034715706e-05 1.903700092054178494e-04 2.172970822817108877e-09 3.745556372090753385e-09 9.217349078560302698e-11 1.679700185259953046e-11 3.446303395970673010e-11 6.934654360900373489e-12
3.906248985909517406e-03 3.755007708314606497e-03 3.690809148255742942e-03 3.706182090109312512e-03 6.761487824832131035e-05 6.385194147264559395e-05 1.763570929411063142e-05 1.895453883107614502e-04 2.172597367534813791e-09 3.800131207774946605e-09 7.550001890039939152e-11 2.075510458404373053e-11 5.251987608554449488e-11 7.262731006551892316e-12
3.906248303281125225e-03 3.754686800095645254e-03 3.690912808838216208e-03 3.706179176603002605e-03 6.790479349384984250e-05 6.413178829012260325e-05 1.771219108784915643e-05 1.891190041194663678e-04 2.490518478104912724e-09 4.448561139321106300e-09 6.472301502345645045e-11 2.740417047739913217e-11 6.844620683181646949e-11 7.310237384717807359e-12
3.906247807671557517e-03 3.754599648097513981e-03 3.690838171131329698e-03 3.706108399051070892e-03 6.797939423847623632e-05 6.420696508220643942e-05 1.773498683245640180e-05 1.891766026737130380e-04 3.498462222202063873e-09 6.306494812664721737e-09 6.410570585827145707e-11 3.558093967861907862e-11 7.604906471379944518e-11 7.710304226344608327e-12
3.906247660160502930e-03 3.754722204023347529e-03 3.690535432151204141e-03 3.705922618408938590e-03 6.786147563495718046e-05 6.409717880860504109e-05 1.770906258697592850e-05 1.897916449164841748e-04 5.171494150946893474e-09 9.303821253058240806e-09 7.488026674091582306e-11 4.486019680525184524e-11 7.214436123220535269e-11 9.017403998972136621e-12
3.906247844270472388e-03 3.755018143833592330e-03 3.689983264351935285e-03 3.705590019125661484e-03 6.758485687776594902e-05 6.383344125117215359e-05 1.764175863882634618e-05 1.909825789680538060e-04 7.105075753965998432e-09 1.272450011565742480e-08 9.383347524670567105e-11 5.208627622595519602e-11 6.033998781742879365e-11 1.114154803555073313e-11
3.906248228847644145e-03 3.755450652151929268e-03 3.689208768065408827e-03 3.705116556394651324e-03 6.718336285279922289e-05 6.344824454619119199e-05 1.754073255832092743e-05 1.926806053074348773e-04 8.833294436180340632e-09 1.575648820711485082e-08 1.123235892719409160e-10 5.170394055199737120e-11 4.747907228865633394e-11 1.308923918267703540e-11
3.906248623825988014e-03 3.755991588016606084e-03 3.688293533154276844e-03 3.704555879248411492e-03 6.668237846100985534e-05 6.296752800453741291e-05 1.741232421638798164e-05 1.947218068995379577e-04 1.011937174877456968e-08 1.799034436160081506e-08 1.206869525707425223e-10 4.145291585330753768e-11 3.685390172297120717e-11 1.353952360805609021e-11
3.906248853775572561e-03 3.756625675718065251e-03 3.687364088252489784e-03 3.704002918976701669e-03 6.609525073897684622e-05 6.240653291992524212e-05 1.726056767462269607e-05 1.968675611052237914e-04 1.095476581490832675e-08 1.941670527793909451e-08 1.154225470166137326e-10 2.609315361199192350e-11 2.693316122648633634e-11 1.189799186111623764e-11
3.906248840024967306e-03 3.757349186605077850e-03 3.686568702911329279e-03 3.703573218468038299e-03 6.542511322204384633e-05 6.177034426474084646e-05 1.708705210800476432e-05 1.988480918180846339e-04 1.131579391687267035e-08 2.000352588503241934e-08 1.016602510438314320e-10 1.405534983670089404e-11 1.640581144033420590e-11 8.845612822574478974e-12
3.906248654593360604e-03 3.758163912718312082e-03 3.686045926454040427e-03 3.703374774497887861e-03 6.467114006594344038e-05 6.105869080474070538e-05 1.689185889273312434e-05 2.004165925896068880e-04 1.097507728771273046e-08 1.936331307405415159e-08 8.910938204437298765e-11 1.173632555272863922e-11 7.571637134621388648e-12 5.873089530820275129e-12
3.906248465323429713e-03 3.759068408856056608e-03 3.685893851257823327e-03 3.703481770723424972e-03 6.383693999017303687e-05 6.027340447340638445e-05 1.667552913906774207e-05 2.013969350513914391e-04 9.617899293165458066e-09 1.695019676517680408e-08 8.606331426828037809e-11 2.214421569039929053e-11 3.947355310439267290e-12 4.495128635067371752e-12
3.906248427195044715e-03 3.760049303527097670e-03 3.686150398435144269e-03 3.703918779678810717e-03 6.293801058866830157e-05 5.942597525093244829e-05 1.644142238530266184e-05 2.017095941233900010e-04 7.206859262672878723e-09 1.269823204389053099e-08 9.593052725836417652e-11 4.563940242401144502e-11 6.823437217292175822e-12 5.693059037831377750e-12
3.906248600817146220e-03 3.761075673394737549e-03 3.686791527832184237e-03 3.704659702461110451e-03 6.200547754766483734e-05 5.854253003016520075e-05 1.619740771574865203e-05 2.013690358570004906e-04 4.261454352414006825e-09 7.517641685122962946e-09 1.183708651975347394e-10 7.823676554891404909e-11 1.530527772545857177e-11 9.409895828109947207e-12
3.906248941143072081e-03 3.762098599094365441e-03 3.687746735668433282e-03 3.705639775069343497e-03 6.108481337910105140e-05 5.766437187019251231e-05 1.595597541166350044e-05 2.004575955022082497e-04 1.742748950659314524e-09 3.094603691868497340e-09 1.496091958654932095e-10 1.105189764260102037e-10 2.741882797582078960e-11 1.422310365201972821e-11
3.906249324916862605e-03 3.763056534785678281e-03 3.688923769187613111e-03 3.706774516426085842e-03 6.023009071374855610e-05 5.684362883576691671e-05 1.573254033455791066e-05 1.990896153590946305e-04 5.510841054472057984e-10 1.004471772925093424e-09 1.791688638531901014e-10 1.318058879436247586e-10 3.929262043271459384e-11 1.780092683749017234e-11
3.906249604852272093e-03 3.763885127848138994e-03 3.690231233232869196e-03 3.707978013817260932e-03 5.949573152714813417e-05 5.613513062782342193e-05 1.554252181878753905e-05 1.973814592973531610e-04 9.809266324574222064e-10 1.753716235386992622e-09 1.926122712117149069e-10 1.363979555070795299e-10 4.554350728946355161e-11 1.827413285234105829e-11
3.906249681091181376e-03 3.764528493255125605e-03 3.691590403776457384e-03 3.709174650155662358e-03 5.892816657018328083e-05 5.558695281607194512e-05 1.539832409505586381e-05 1.954379174080423482e-04 2.539046890963625540e-09 4.471428759251293178e-09 1.817364040737626704e-10 1.246605581569329754e-10 4.312264342630112812e-11 1.542270196975723884e-11
3.906249561760568711e-03 3.764948378264823710e-03 3.692934363749799092e-03 3.710302118635701914e-03 5.855942255692507146e-05 5.523251864078120325e-05 1.530733014907930680e-05 1.933562587779357627e-04 4.262493562852627850e-09 7.477839839914287967e-09 1.503845926917377649e-10 9.948414886803807971e-11 3.376163315560763428e-11 1.058849707342189277e-11
3.906249350475670280e-03 3.765128388487234100e-03 3.694198995687621428e-03 3.711307340658757340e-03 5.840395022741597466e-05 5.508666138684415738e-05 1.527153428602515126e-05 1.912409980524769728e-04 5.296177296607902059e-09 9.291623158862323319e-09 1.109571187198749833e-10 6.566691870603976215e-11 2.171898065886152288e-11 5.795509937261741464e-12
3.906249165203698904e-03 3.765072476392805362e-03 3.695314039854934781e-03 3.712139962889013031e-03 5.845915509562133377e-05 5.514648589509307179e-05 1.528866490958591336e-05 1.892172749641165403e-04 5.321947287003065431e-09 9.364013653444167211e-09 7.741230069476198948e-11 3.262246479345974852e-11 1.145170940111542513e-11 3.030789052873419976e-12
3.906249070044428250e-03 3.764799256463846784e-03 3.696201279600399344e-03 3.712748666803420295e-03 5.870911357860645691e-05 5.539584751605824276e-05 1.535399952545635314e-05 1.874320015524762639e-04 4.595372119768363742e-09 8.133152962438894613e-09 6.051335639046898435e-11 1.235250200393721297e-11 8.267824236239076880e-12 3.645235303648772077e-12
3.906249061806400368e-03 3.764335121067397590e-03 3.696782062029589384e-03 3.713083321720131273e-03 5.913003219756179409e-05 5.581107560074602555e-05 1.546196520424453579e-05 1.860391013847935849e-04 3.665129095457568542e-09 6.540533505741850062e-09 6.617637248193301277e-11 1.154720679291508314e-11 1.725909654002231871e-11 7.634669014810653570e-12
3.906249106659008107e-03 3.763708831179467425e-03 3.696990839434802310e-03 3.713102252427596429e-03 5.969550714668185804e-05 5.636565422123268208e-05 1.560698499985613361e-05 1.851741899292998531e-04 3.036801138359610072e-09 5.457413408896444870e-09 9.344621761596196076e-11 2.720874830268990430e-11 3.820473393919732693e-11 1.335835674487632149e-11
3.906249167213847462e-03 3.762948745621947332e-03 3.696788736438445713e-03 3.712781255124027874e-03 6.037999261187368990e-05 5.703292468790925618e-05 1.578358295023783684e-05 1.849289981751706135e-04 2.982466703781896357e-09 5.358444344466086529e-09 1.313094724556326291e-10 5.068357701045808638e-11 6.358788834732833691e-11 1.836614392573630038e-11
3.906249218274464134e-03 3.762082019578161501e-03 3.696172448248497087e-03 3.712120888271977850e-03 6.115997376364251637e-05 5.778734161096967632e-05 1.598614708386397778e-05 1.853337939576650030e-04 3.522197282255579646e-09 6.285237929746339050e-09 1.622813945191538013e-10 7.293354708932813852e-11 8.458149566862127925e-11 2.080049524701039333e-11
3.906249243013098452e-03 3.761134779734620799e-03 3.695176725279262098e-03 3.711150080821912396e-03 6.201321289623284647e-05 5.860508961017607619e-05 1.620870830851748503e-05 1.863512903811758293e-04 4.493234345507652759e-09 7.959836703862163222e-09 1.739152691745249841e-10 8.545793857572673437e-11 9.718146565040374675e-11 2.009623355427641948e-11
3.906249237884705083e-03 3.760132686908195052e-03 3.693870595199830100e-03 3.709925137244500688e-03 6.291702205529142516e-05 5.946422579217710885e-05 1.644486475208834715e-05 1.878822847258474469e-04 5.623655216342382076e-09 9.909459750521242637e-09 1.652106202358418199e-10 8.186759731365299396e-11 1.004833074326446324e-10 1.676025671464319875e-11
3.906249207356271135e-03 3.759101751138479476e-03 3.692348995832751141e-03 3.708524534126815628e-03 6.384679635131536052e-05 6.034413602110378077e-05 1.668782324588866637e-05 1.897802641558486594e-04 6.584774115407296732e-09 1.155929536610186322e-08 1.421957686356409161e-10 6.273620734221946585e-11 9.255462109617501497e-11 1.195373482341223788e-11
3.906249166255298250e-03 3.758069255940139040e-03 3.690721751076798517e-03 3.707040563769530613e-03 6.477552019804021786e-05 6.122422100319103045e-05 1.693048001472463972e-05 1.918714010273503043e-04 7.051130471813495529e-09 1.234254563688342681e-08 1.124123749151954762e-10 3.695884940154042582e-11 7.264525866827434936e-11 7.181757553965292704e-12
3.906249128347227036e-03 3.757064502675717520e-03 3.689102203350680571e-03 3.705569732618340696e-03 6.567429210235483164e-05 6.208230471527160328e-05 1.716550908795243672e-05 1.939755144282803950e-04 6.797546651095458581e-09 1.187477247216449134e-08 8.389406687886597400e-11 1.582744572293784513e-11 4.617231574098183914e-11 3.851406328976945387e-12
3.906249110410834214e-03 3.756119029560298691e-03 3.687597606855164568e-03 3.704204089493198446e-03 6.651327363768501225e-05 6.289350355348375049e-05 1.738544823635235944e-05 1.959239156488405773e-04 5.810467547276061714e-09 1.014626049441591444e-08 6.451447311930739638e-11 6.329870047699262553e-12 2.266110445630244276e-11 2.650816759512894456e-12
3.906249126801747580e-03 3.755266340354991312e-03 3.686302165687449246e-03 3.703024838570193825e-03 6.726229647192756816e-05 6.362998146895418761e-05 1.758276363191284944e-05 1.975724870248240866e-04 4.346970008613136759e-09 7.614233948876902655e-09 5.913416898532783509e-11 1.032258372904376528e-11 8.213260829875615136e-12 3.300580900787349294e-12
3.906249188059332089e-03 3.754541340929551212e-03 3.685292471432161272e-03 3.702098393408489400e-03 6.789085749019289451e-05 6.426146520556412088e-05 1.774987751819520558e-05 1.988103802671786692e-04 2.876120225883886180e-09 5.088507970776405881e-09 6.578467078028339995e-11 2.630693437539189557e-11 2.843859617399327497e-12 4.965488153757950813e-12
3.906249296155179900e-03 3.753979498138955168e-03 3.684624801352776730e-03 3.701474298793582494e-03 6.836817716663426165e-05 6.475629672846700772e-05 1.787922379834025143e-05 1.995649891560064275e-04 1.896290683123606050e-09 3.412203295967847804e-09 7.654500916561002858e-11 4.884578222800590525e-11 4.114491032963674437e-12 6.743615705862244186e-12
3.906249437446490582e-03 3.753615157552813754e-03 3.684334148877494580e-03 3.701184519881595397e-03 6.866455943550543999e-05 6.508320676483114102e-05 1.796349410187087918e-05 1.998025547509476349e-04 1.695532910418405297e-09 3.060280379372123738e-09 8.480259855499487493e-11 6.908556065812337758e-11 9.739169701627144054e-12 7.896189266409069863e-12
3.906249574818441636e-03 3.753478325190784219e-03 3.684434917491331493e-03 3.701243873197241838e-03 6.875488837043751498e-05 6.521438194506040730e-05 1.799624027774802417e-05 1.995235429258879569e-04 2.182125377360347848e-09 3.866835777270916171e-09 8.950179818353233200e-11 7.988208478515610293e-11 1.681398410322135529e-11 8.027459788730700646e-12
3.906249647851087105e-03 3.753589715255442431e-03 3.684922432807792841e-03 3.701651073113740135e-03 6.862381755888389721e-05 6.513012056027306319e-05 1.797285309034124775e-05 1.987541084818409841e-04 2.916095736241929402e-09 5.087967426109502902e-09 9.142374409770801732e-11 8.044542161998358263e-11 2.194656489589799533e-11 7.276038117527453397e-12
3.906249595421993053e-03 3.753954978269675221e-03 3.685773690016991722e-03 3.702389190870220611e-03 6.827082656017326070e-05 6.482437060116617107e-05 1.789173381297273305e-05 1.975381801376694345e-04 3.370478816689965480e-09 5.840065803972837621e-09 8.965986202218263330e-11 7.436131310940324794e-11 2.363022258668148675e-11 6.232198695467946992e-12
3.906249391923763935e-03 3.754560013860791957e-03 3.686946114165919747e-03 3.703424240929028329e-03 6.771288082558763030e-05 6.430928592121903031e-05 1.775531797398313753e-05 1.959356094298002175e-04 3.274630182888332169e-09 5.672018486444522663e-09 8.329308462977309405e-11 6.420747088642238698e-11 2.289343923752717721e-11 5.427443227102497619e-12
3.906249083939427116e-03 3.755369421829423109e-03 3.688374994839220024e-03 3.704702045015400083e-03 6.698345545680641703e-05 6.361660606238659201e-05 1.757060914665951499e-05 1.940279571704909699e-04 2.795131662871840801e-09 4.872025837268150678e-09 7.359903345856582283e-11 5.062315729432378223e-11 2.098548744659297656e-11 4.959754418320268839e-12
3.906248771595080983e-03 3.756329530448026741e-03 3.689971660995223623e-03 3.706145400046418400e-03 6.612818341836082298e-05 6.279436659566321808e-05 1.734892717009564031e-05 1.919283633180003689e-04 2.413993551244253090e-09 4.268794474262263544e-09 6.419969059081817019e-11 3.543046291755014861e-11 1.792618886345358710e-11 4.661245574616528302e-12
3.906248560770301040e-03 3.757376009853838003e-03 3.691624823423268927e-03 3.707654769313617482e-03 6.519849468167898308e-05 6.189913840061454819e-05 1.710468748114918168e-05 1.897881664141218012e-04 2.600477330911507122e-09 4.671186142188834927e-09 5.883522287695821746e-11 2.222438286292012202e-11 1.379499755251544118e-11 4.410577208974099806e-12
3.906248506534755732e-03 3.758444286341715204e-03 3.693207033814281236e-03 3.709115234651856781e-03 6.424496378274613265e-05 6.098609386135466463e-05 1.685330395515500376e-05 1.877926258176474262e-04 3.527644754314767527e-09 6.367252359207460964e-09 5.812201423422157493e-11 1.331989934376498139e-11 9.994101021382101612e-12 4.224808618448902883e-12
3.906248600282190026e-03 3.759479578849560331e-03 3.694586902367055347e-03 3.710409911515739206e-03 6.331177979647919704e-05 6.010031216221990523e-05 1.660868176321850901e-05 1.861421390674273136e-04 5.018202122355828824e-09 9.020697352033030102e-09 5.992471964799048158e-11 7.913599034207273857e-12 8.064083443277237477e-12 4.129755428684151527e-12
3.906248777248317108e-03 3.760443339660982532e-03 3.695646053446257316e-03 3.711437011882520298e-03 6.243324605930516394e-05 5.927224767733337929e-05 1.638110122251688083e-05 1.850215005449730129e-04 6.700910344238672435e-09 1.195579892989927050e-08 6.289050349850605876e-11 4.274448690514999699e-12 8.160366783468255108e-12 4.063124347316409448e-12
3.906248947416512182e-03 3.761314040494090263e-03 3.696297528928681100e-03 3.712125635492872448e-03 6.163281292573720568e-05 5.851845703339321811e-05 1.617631155206304382e-05 1.845654247210279115e-04 8.214350282903330618e-09 1.453769857876084812e-08 6.722675270624637647e-11 2.724047474127883090e-12 1.019445482218528815e-11 3.991055196265617814e-12
3.906249026009858856e-03 3.762082655122957111e-03 3.696500411870005248e-03 3.712445383514052094e-03 6.092467726773350117e-05 5.784642005377997549e-05 1.599619312358930198e-05 1.848314429641202650e-04 9.311130318587340599e-09 1.636083217476507152e-08 7.284414952743831608e-11 5.100572348556057375e-12 1.580571622925887153e-11 4.015407888308805878e-12
3.906248975233291877e-03 3.762745104810038318e-03 3.696266030590926194e-03 3.712407502767575002e-03 6.031746750482081773e-05 5.726100597659831184e-05 1.584066554512024021e-05 1.857880726208231638e-04 9.833580805084541209e-09 1.718597917155921360e-08 7.933798682449883626e-11 1.186527873231123878e-11 2.741561381655450971e-11 4.288882976588628132e-12
3.906248817901396969e-03 3.763294854975495277e-03 3.695653336415370954e-03 3.712057931052889243e-03 5.981898683433225003e-05 5.677010303362935812e-05 1.571000145299985052e-05 1.873213217213238481e-04 9.649375595668000405e-09 1.680448449643495418e-08 8.673321072888402512e-11 2.119001411137961905e-11 4.492137524055308270e-11 4.837750981313354463e-12
3.906248632705483677e-03 3.763718266199362131e-03 3.694754646649864045e-03 3.711464680054358135e-03 5.944043006484135775e-05 5.638770167687545118e-05 1.560657807799194482e-05 1.892571155718954722e-04 8.663888492411301016e-09 1.505492548967755611e-08 9.583346948436913925e-11 3.074312618268207270e-11 6.435760767780199751e-11 5.527103351845019148e-12
3.906248514092392106e-03 3.763994038241065369e-03 3.693676210976225543e-03 3.710703118239388858e-03 5.919841032872530747e-05 5.613378443268142844e-05 1.553540258555513936e-05 1.913932779435762105e-04 6.942101782173037294e-09 1.204402505884851055e-08 1.069738488757591252e-10 3.850749167306082863e-11 8.045568325097574374e-11 6.222233622779915804e-12
3.906248539073251935e-03 3.764096583961868640e-03 3.692519432407880345e-03 3.709842879960938405e-03 5.911359375368873417e-05 5.603124450382753678e-05 1.550328664841679540e-05 1.935329612523391772e-04 4.835483834354716980e-09 8.374933591504766661e-09 1.160670824556675512e-10 4.142412622437684599e-11 8.922017843366147151e-11 6.781245790435492338e-12
3.906248731296355688e-03 3.764002157296340682e-03 3.691368064250349825e-03 3.708939844708385343e-03 5.920602030314679330e-05 5.610077196050885747e-05 1.551706084967190022e-05 1.955110779333439337e-04 2.943610892165271364e-09 5.083776547618399915e-09 1.151366040042285152e-10 3.624268265282337900e-11 8.743047457646416357e-11 6.878805302292720861e-12
3.906249042357955777e-03 3.763695999355173329e-03 3.690284132465547918e-03 3.708035073275745865e-03 5.948854068707787074e-05 5.635496706065807720e-05 1.558147215773196472e-05 1.972075394448978200e-04 1.853565427733403062e-09 3.188765082156451528e-09 1.011278158449809863e-10 2.386982639059521233e-11 7.288171313474717710e-11 6.143217563858559294e-12
3.906249364235112216e-03 3.763178695858768446e-03 3.689312279479505657e-03 3.707160365986252298e-03 5.996064436118887916e-05 5.679314810615203384e-05 1.569739519578510921e-05 1.985450589345896344e-04 1.808245834753473906e-09 3.112880150762821157e-09 8.156419238816560836e-11 1.091236071114635747e-11 4.825799220092948696e-11 4.560240299564392205e-12
3.906249584750542351e-03 3.762469785463561436e-03 3.688489049676541183e-03 3.706347268666373030e-03 6.060505295870968995e-05 5.739843521427718907e-05 1.586085120691601899e-05 1.994749097044029205e-04 2.555903698043564176e-09 4.417120337849551687e-09 6.855535161938131877e-11 5.380516189758044340e-12 2.319924640256119601e-11 2.676168392407865506e-12
3.906249648747639469e-03 3.761607149183852482e-03 3.687851453451422481e-03 3.705634354409309376e-03 6.138844748478832153e-05 5.813840678376740114e-05 1.606312291740749951e-05 1.999597321403083277e-04 3.510124705969008218e-09 6.075337913939990119e-09 6.970970384492459376e-11 1.230509673016943603e-11 8.897217171930088706e-12 1.349556055551519787e-12
3.906249579600909027e-03 3.760642027143988250e-03 3.687439544409833007e-03 3.705068032621875850e-03 6.226607429401221608e-05 5.896940713924252381e-05 1.629191339543599096e-05 1.999640578326748589e-04 4.105147053363942469e-09 7.098569649270275032e-09 8.546871962971322014e-11 3.330389610861239861e-11 1.018069895743416159e-11 1.320409554986094046e-12
3.906249452698246603e-03 3.759631149082477523e-03 3.687290592229074127e-03 3.704694935867950106e-03 6.318850531486226545e-05 5.984320141947685083e-05 1.653318803530990337e-05 1.994595732612496704e-04 4.090187235782290456e-09 7.059871013325897299e-09 1.116132887385413737e-10 6.591622251397744338e-11 2.421705151925735167e-11 2.966763874697577424e-12
3.906249339278199811e-03 3.758628707271189501e-03 3.687427262719971711e-03 3.704548652211217541e-03 6.410808044157525229e-05 6.071361002329277748e-05 1.677311780141309803e-05 1.984430882490773409e-04 3.591181844090141288e-09 6.204498653059912945e-09 1.413475742736171202e-10 1.007496995882328474e-10 4.447158493720501019e-11 6.091898474697744499e-12
3.906249279000899299e-03 3.757680935546662496e-03 3.687845421862237343e-03 3.704636934810656701e-03 6.498299347894735179e-05 6.154081443012431691e-05 1.699956082474274967e-05 1.969575111954993609e-04 2.964933966330743146e-09 5.175457980907787637e-09 1.644008003621080248e-10 1.237216972689575476e-10 6.286450801015212452e-11 9.755642404261723769e-12
3.906249274738649892e-03 3.756824836038875036e-03 3.688507925219823222e-03 3.704936176437938298e-03 6.577819897785663135e-05 6.229218863314972857e-05 1.720275774393716190e-05 1.951030328061792603e-04 2.587765647206500547e-09 4.614894722579395143e-09 1.687275932756941235e-10 1.256274093820813492e-10 7.074473810348497436e-11 1.253503309573101772e-11
3.906249315198410000e-03 3.756090513221630681e-03 3.689347840379151623e-03 3.705396487653494098e-03 6.646389282543468165e-05 6.294027412741266781e-05 1.737526605458050916e-05 1.930305215520708862e-04 2.686295636144768143e-09 4.864614485798283719e-09 1.495992874165094665e-10 1.083326687504592015e-10 6.328729195042190507e-11 1.328142722185885503e-11
3.906249381954150258e-03 3.755504851950636994e-03 3.690279947465476169e-03 3.705955143033369797e-03 6.701335843668815740e-05 6.345991833801239523e-05 1.751142992047199711e-05 1.909186670801408180e-04 3.240663034087338781e-09 5.835984096346162089e-09 1.154356542561521699e-10 8.040744223386368880e-11 4.433376645728864865e-11 1.182491377998481949e-11
3.906249455362758010e-03 3.755093699309971188e-03 3.691215651226004407e-03 3.706551775470132756e-03 6.740199533114327093e-05 6.382688619410690242e-05 1.760677596486856980e-05 1.889446212039717790e-04 3.979286975686989716e-09 7.049173243907713635e-09 8.092737666362627035e-11 4.994266540234750450e-11 2.409937270775163480e-11 8.918655277878228240e-12
3.906249504995448762e-03 3.754880703916150565e-03 3.692075631725806606e-03 3.707138215908698919e-03 6.760845623434340258e-05 6.401937323203097275e-05 1.765766520967140474e-05 1.872600712578599840e-04 4.501245515501303214e-09 7.850144675652299934e-09 5.704097933768146717e-11 2.367790438565829208e-11 1.150809601145546953e-11 5.664178320938652695e-12
3.906249498902438118e-03 3.754882970840956423e-03 3.692796655373957720e-03 3.707679490836107185e-03 6.761758840400068041e-05 6.402206453260794045e-05 1.766135004242053475e-05 1.859801198263540578e-04 4.504673814050716416e-09 7.760617999841310167e-09 4.855758179936974472e-11 8.148300750309349750e-12 1.038224870347523109e-11 3.113324350254216263e-12
3.906249420266574672e-03 3.755105780247958158e-03 3.693332584005231886e-03 3.708148144571026678e-03 6.742392202582819978e-05 6.383074237613443327e-05 1.761640172467114605e-05 1.851842150322170972e-04 3.985501464736527828e-09 6.782572438217546332e-09 5.612044732269190892e-11 6.054300353329433834e-12 2.079538616165714225e-11 2.045860571962263875e-12
3.906249287516759625e-03 3.755539045447102691e-03 3.693651935687804633e-03 3.708517463058472793e-03 6.703439380339971596e-05 6.345506817128144009e-05 1.752337329693644439e-05 1.849226421018172620e-04 3.252758606233760289e-09 5.441111067878529108e-09 7.701273804617557866e-11 1.315375676172699288e-11 3.942403796510085187e-11 2.717127282026341317e-12
3.906249140899536922e-03 3.756157541865260546e-03 3.693735364964414233e-03 3.708759326247426050e-03 6.646919414565407875e-05 6.291788689938201387e-05 1.738542570849466057e-05 1.852206777350945183e-04 2.743259704854165292e-09 4.508504356234710947e-09 1.046047353636615738e-10 2.226969319745828888e-11 5.847777417568336097e-11 4.718295457169276957e-12
3.906249026787904886e-03 3.756925142631506800e-03 3.693576248242179047e-03 3.708849622179121331e-03 6.575992427854948099e-05 6.225100744098649083e-05 1.720856400220742687e-05 1.860748144200011320e-04 2.783232571611661527e-09 4.592410943335934537e-09 1.294540800810564421e-10 2.926752372097555691e-11 6.906548862717292228e-11 7.220106654174473291e-12
3.906248975943388355e-03 3.757801422723559565e-03 3.693185324124984535e-03 3.708779282682957493e-03 6.494507729337595963e-05 6.148924846583607472e-05 1.700124187744203106e-05 1.874417649766484020e-04 3.468569583481000119e-09 5.870476844006321667e-09 1.439568489382644056e-10 3.319284920040879587e-11 6.815723561414007820e-11 9.425880832205988239e-12
3.906248990797501954e-03 3.758748179600962264e-03 3.692598297543422253e-03 3.708565805340327017e-03 6.406367762461759091e-05 6.066507562355756263e-05 1.677327326480245910e-05 1.892255638009206144e-04 4.698201947309692634e-09 8.106153229437385133e-09 1.465181322065890908e-10 3.297225123390746220e-11 6.011963473342611719e-11 1.077590073933621795e-11
3.906249034896277800e-03 3.759733735101124415e-03 3.691882606408374099e-03 3.708259021566358716e-03 6.314909546493748373e-05 5.980560159140607267e-05 1.653431646986432317e-05 1.912711652630858146e-04 6.268886285538503001e-09 1.085725019579690958e-08 1.388529808052924106e-10 2.761698727985947030e-11 5.056388527870691847e-11 1.094618930533968090e-11
3.906249038803109690e-03 3.760733990568187850e-03 3.691138182888267089e-03 3.707937144759073777e-03 6.222541222802014630e-05 5.893233435432998686e-05 1.629246611587913918e-05 1.933715873241605133e-04 7.938392616729634341e-09 1.367592121619339642e-08 1.216096230907174950e-10 1.882745492576291713e-11 4.098204864503430096e-11 9.888054706962447823e-12
3.906248931101574933e-03 3.761730480032593558e-03 3.690487723233739064e-03 3.707693132179593412e-03 6.130802962283859558e-05 5.806300116560082872e-05 1.605357768564291682e-05 1.952913894092905909e-04 9.439367231952976850e-09 1.615710174203639693e-08 9.611077099341436662e-11 1.040642002125933580e-11 3.018634622954956562e-11 7.883013867875768202e-12
3.906248684744745899e-03 3.762706340193914482e-03 3.690055525592332054e-03 3.707614946963990431e-03 6.040857625203614148e-05 5.721447250899006271e-05 1.582171100958032015e-05 1.968033489463098145e-04 1.047792672372499519e-08 1.786017136799235951e-08 6.703265012189486496e-11 4.934417117556485049e-12 1.859950973350464093e-11 5.457250263061310855e-12
3.906248351386689462e-03 3.763641581762212050e-03 3.689939903031818746e-03 3.707765522850391040e-03 5.954205251237187885e-05 5.640591369060420058e-05 1.560054695482019030e-05 1.977291149849860546e-04 1.075305305618029147e-08 1.826387368123648817e-08 4.147290373843340835e-11 2.683053084928699905e-12 8.915781811959501324e-12 3.167249116092065487e-12
3.906248053353177097e-03 3.764509035385481522e-03 3.690188644527042042e-03 3.708168007718421789e-03 5.873304205398861610e-05 5.566146873747086326e-05 1.539511984357542281e-05 1.979716929372917400e-04 1.003659773187277773e-08 1.692317329432920314e-08 2.602428261185462721e-11 3.934792753518123152e-12 3.373089554518782130e-12 1.501373499776779268e-12
3.906247939351799748e-03 3.765272453775528067e-03 3.690787466754487552e-03 3.708800448353868733e-03 5.801808647569679426e-05 5.501163281345840554e-05 1.521299178120657992e-05 1.975288477547926724e-04 8.326464898539070536e-09 1.381711955199592210e-08 2.368388600607831063e-11 1.054046894794513394e-11 2.422726596508727688e-12 9.563079625445688252e-13
3.906248105757374398e-03 3.765887981433024573e-03 3.691666491213082928e-03 3.709601577507820516e-03 5.744285145477714391e-05 5.449235652629222582e-05 1.506422588188780984e-05 1.964827698925615074e-04 5.984261236655055222e-09 9.620756795452921161e-09 3.430870212777075963e-11 2.403279835073123877e-11 5.892754126222287255e-12 2.000312344729147914e-12
3.906248535159176707e-03 3.766309560559662727e-03 3.692722334949336774e-03 3.710486555388847578e-03 5.705466464976736551e-05 5.414119978544636061e-05 1.496005555805468028e-05 1.949697120149477842e-04 3.694012661630260497e-09 5.581211288102968965e-09 5.803502619628843289e-11 4.333874423823769808e-11 1.335211161089578162e-11 4.741231451818783175e-12
3.906249078875105758e-03 3.766497324462521681e-03 3.693846690056692972e-03 3.711367893062203320e-03 5.689273655726473453e-05 5.399089151822110015e-05 1.491070480729690240e-05 1.931413533083803542e-04 2.172150401276422314e-09 2.951174381714918213e-09 9.497365923288509697e-11 6.568337142040189348e-11 2.272847134418298801e-11 8.639246396505762819e-12
3.906249526478088215e-03 3.766426640666339226e-03 3.694950521523050237e-03 3.712174634938534851e-03 5.697906821831014217e-05 5.406191721174859898e-05 1.492308680352248210e-05 1.911321627442732162e-04 1.790050177177326409e-09 2.330723823212743081e-09 1.401241328830610934e-10 8.837530691493705748e-11 3.030931843164034084e-11 1.264023660141593159e-11
3.906249705986366248e-03 3.766094855580975204e-03 3.695976117803437266e-03 3.712863173526587037e-03 5.731266800292108811e-05 5.435656089843791098e-05 1.499903328542912576e-05 1.890436654566294834e-04 2.390170830451281209e-09 3.393215591999645845e-09 1.812471654664226739e-10 1.071066663120220592e-10 3.323312149289598561e-11 1.556669698399300884e-11
3.906249564892706055e-03 3.765523321042764642e-03 3.696894736100216419e-03 3.713416200712120734e-03 5.786881138567718158e-05 5.485669673655705746e-05 1.513447630976960994e-05 1.869490648306569038e-04 3.430252028747655547e-09 5.179255337585433409e-09 2.047136131805233232e-10 1.137633647879744551e-10 3.094999659243890848e-11 1.641650023584529578e-11
3.906249174815641222e-03 3.764754098500730940e-03 3.697693592185738107e-03 3.713831954674574540e-03 5.860341674249201804e-05 5.552623497462909265e-05 1.531973755353241209e-05 1.849122154768983355e-04 4.329114685674895668e-09 6.714065561701377167e-09 2.029537795393988405e-10 1.010897113886519268e-10 2.415896497192034027e-11 1.465060573571697369e-11
3.906248687495121781e-03 3.763842652846747031e-03 3.698359317184620170e-03 3.714110190314438321e-03 5.946099246280738118e-05 5.631730709502793804e-05 1.554088421549005574e-05 1.830092086537542500e-04 4.770278844962028601e-09 7.517016695271948884e-09 1.779770598833730377e-10 7.148174384585867352e-11 1.489007226479614905e-11 1.072749924243203617e-11
3.906248262782056283e-03 3.762849006149007920e-03 3.698865244822308659e-03 3.714241854227132676e-03 6.038376498934383123e-05 5.717803073939127100e-05 1.578192736484503500e-05 1.813410149517973252e-04 4.804277024828940457e-09 7.725877585145354759e-09 1.405053034360989998e-10 3.780300513963342937e-11 8.171937865036983528e-12 6.373076584707603639e-12
3.906248020859920747e-03 3.761829732901073552e-03 3.699167749524500358e-03 3.714206509781030601e-03 6.131965819972588327e-05 5.805951082236943090e-05 1.602740550197040542e-05 1.800305657351982400e-04 4.737162627825183080e-09 7.848042748849047422e-09 1.053675521755141446e-10 1.428484362076600174e-11 1.028373808928961381e-11 3.899901454589988466e-12
3.906248005748558932e-03 3.760832497559374755e-03 3.699212979365168290e-03 3.713977348533508294e-03 6.222749887872089836e-05 5.892046153692626320e-05 1.626466728789617856e-05 1.792050788867636472e-04 4.897813718659593617e-09 8.359492601695485802e-09 8.743026660124736985e-11 9.268514449957816413e-12 2.322060324042026874e-11 4.951958719078088288e-12
3.906248184557880015e-03 3.759893438013363690e-03 3.698951853242500327e-03 3.713530995593165244e-03 6.307890917033434945e-05 5.972916179400732675e-05 1.648523689570888595e-05 1.789691682678138133e-04 5.423860229735365808e-09 9.406514992750867415e-09 9.599115090422482326e-11 2.517723098142073010e-11 4.266810890892047426e-11 9.663981414634729596e-12
3.906248471398047952e-03 3.759037084230524260e-03 3.698358175227082958e-03 3.712858479827083318e-03 6.385702879592930004e-05 6.046332518364971545e-05 1.668488516819995282e-05 1.793772820289469226e-04 6.201066897023748957e-09 1.077479261095355604e-08 1.260230579658462449e-10 5.794798750238684492e-11 6.279155826125582472e-11 1.664648977121616160e-11
3.906248764943745684e-03 3.758278062391093039e-03 3.697443906797529337e-03 3.711974454889884270e-03 6.455287515197771580e-05 6.110882181531581640e-05 1.686248600313912946e-05 1.804131695266600799e-04 6.985234631750801414e-09 1.209815939864603576e-08 1.586041345233700422e-10 9.377873766071598082e-11 8.023655521875809190e-11 2.341542403152330696e-11
3.906248982621239769e-03 3.757624175816965794e-03 3.696266992333504132e-03 3.710922906869971657e-03 6.516058863183322373e-05 6.165777033605370383e-05 1.701813449091188870e-05 1.819813441017405957e-04 7.587213308098510671e-09 1.310710719480202244e-08 1.741101974412296782e-10 1.135928488650089728e-10 9.176999158019556921e-11 2.719517469979614220e-11
3.906249074083324637e-03 3.757080467701012349e-03 3.694929296088154871e-03 3.709777988517181779e-03 6.567300567568800751e-05 6.210603104516630680e-05 1.715122800580486855e-05 1.839128758943110709e-04 7.952160749844304550e-09 1.370864488987132213e-08 1.646821828819719962e-10 1.067958006348795776e-10 9.200439482278593989e-11 2.625261812327090636e-11
3.906249029243928118e-03 3.756653642012076303e-03 3.693564892219026400e-03 3.708639015841442427e-03 6.607874629889796481e-05 6.245006566873494917e-05 1.725916442504958688e-05 1.859852277564890994e-04 8.080378605688413679e-09 1.386763311789986686e-08 1.358806882429815745e-10 7.887902349408000898e-11 7.762785642146415865e-11 2.095089195515256510e-11
3.906248875551168644e-03 3.756355658718454633e-03 3.692321039979669893e-03 3.707619331526144316e-03 6.636135030180558556e-05 6.268359323220527152e-05 1.733702327408221273e-05 1.879536037910666587e-04 7.907941816014411921e-09 1.346441815414639745e-08 1.003779276625659891e-10 4.464548624010381723e-11 5.293275057322915548e-11 1.351883916648411916e-11
3.906248677861923896e-03 3.756204804439756094e-03 3.691335640202776224e-03 3.706830060735834698e-03 6.650077551889986137e-05 6.279541895534172997e-05 1.737831185859899178e-05 1.895885913536397231e-04 7.313786365513926146e-09 1.233622961446501903e-08 7.206682615262873596e-11 1.817113282856590207e-11 2.795196279576344261e-11 6.691103883950237055e-12
3.906248514967152440e-03 3.756223102372934289e-03 3.690716603159088782e-03 3.706362350426763066e-03 6.647704643821925779e-05 6.276995285972277383e-05 1.737649503853926563e-05 1.907110969043033588e-04 6.272352569662851345e-09 1.049871989963941903e-08 6.307936984082524864e-11 9.581549773926653560e-12 1.117230157970116960e-11 2.448208031843716559e-12
3.906248455570897164e-03 3.756430826462987295e-03 3.690528093023158398e-03 3.706273033902435926e-03 6.627498959404581013e-05 6.259066133756021754e-05 1.732672846079057647e-05 1.912157623825431953e-04 4.987207774228494331e-09 8.311327744394279901e-09 8.030251625065762158e-11 2.368163051726883338e-11 5.757451820182952994e-12 1.635985429928080732e-12
3.906248526076027978e-03 3.756839446748217511e-03 3.690786415840766055e-03 3.706577725280764228e-03 6.588911906377350807e-05 6.224598898340196580e-05 1.722735180411078565e-05 1.910768980778168504e-04 3.844321383694163554e-09 6.383257564693642854e-09 1.199442490345695243e-10 5.574171193197125675e-11 1.066666140755866871e-11 3.960395994835611018e-12
3.906248712159770577e-03 3.757445567875336481e-03 3.691464705258368836e-03 3.707252492973892900e-03 6.532719884007790021e-05 6.173557749454487817e-05 1.708071310435859891e-05 1.903381446631451980e-04 3.188329151733834700e-09 5.240799284473984637e-09 1.662804797534504553e-10 9.202519328988569295e-11 2.189113925506609506e-11 8.067708446096309795e-12
3.906248969072211117e-03 3.758227733181692710e-03 3.692502749492223343e-03 3.708241959225959655e-03 6.461153688598229514e-05 6.107455412804693338e-05 1.689322363213552406e-05 1.890926003294927666e-04 3.100820140886444643e-09 5.005473076513597245e-09 2.007822623558203264e-10 1.189868456142807909e-10 3.305656091267819924e-11 1.208858655653719093e-11
3.906249243980330389e-03 3.759146686443586537e-03 3.693818550210386121e-03 3.709470514943555980e-03 6.377802985972576061e-05 6.029459921323184472e-05 1.667483074158465054e-05 1.874602598407291445e-04 3.361114143127926022e-09 5.331681139003708566e-09 2.124790172115103094e-10 1.308597338680724626e-10 3.814625171185532371e-11 1.457697616519730204e-11
3.906249480795531085e-03 3.760148798031907099e-03 3.695319265055933659e-03 3.710853449147893859e-03 6.287352785086335310e-05 5.944147030582536009e-05 1.643811519176202721e-05 1.855681080239865617e-04 3.611286150321641591e-09 5.644575383094672983e-09 1.996369232154871242e-10 1.276786376537494538e-10 3.537030541550796106e-11 1.508681228220761455e-11
3.906249626507002620e-03 3.761171770616997517e-03 3.696910474324584250e-03 3.712305899090608766e-03 6.195219580372805497e-05 5.856965391331181247e-05 1.619715585007899794e-05 1.835357081615742185e-04 3.596036422269206744e-09 5.514075645257754427e-09 1.675694422633308773e-10 1.104624530018503253e-10 2.736471771012029229e-11 1.385032136586548315e-11
3.906249636740076990e-03 3.762151569928050103e-03 3.698502768107141039e-03 3.713748292165531140e-03 6.107108786042074672e-05 5.773539182096247075e-05 1.596624031531057515e-05 1.814685161744872721e-04 3.314886032654097723e-09 4.929071425032191241e-09 1.256953105188832734e-10 8.229694643514992636e-11 1.783247249093043035e-11 1.126409682024420647e-11
3.906249504572265573e-03 3.763029398785681327e-03 3.700014821281881645e-03 3.715107967518495053e-03 6.028485937561172292e-05 5.698964998542104926e-05 1.575854908322612587e-05 1.794598175559629014e-04 3.006575811619743635e-09 4.313065337694225564e-09 8.373736404627317174e-11 5.089946858231450713e-11 9.360031852206196828e-12 7.877281492381234179e-12
3.906249268636713227e-03 3.763757596791783479e-03 3.701372952454923173e-03 3.716317956170485468e-03 5.963979311511396488e-05 5.637253360289827840e-05 1.558501531067527131e-05 1.775996030047522422e-04 2.998051641460692878e-09 4.275360569292100347e-09 4.972731640109832232e-11 2.519905070989139885e-11 3.884746181768189878e-12 4.534812222327172052e-12
3.906249008198344006e-03 3.764303361408813126e-03 3.702508789285667828e-03 3.717315242509153499e-03 5.916820844319126241e-05 5.591029933225434827e-05 1.545358591764175218e-05 1.759847857474949157e-04 3.519774965831896190e-09 5.243118244119352836e-09 2.847417148039408483e-11 9.738109003368890774e-12 3.169713330041153422e-12 2.194486963590108670e-12
3.906248806591891554e-03 3.764649737075762958e-03 3.703357982781171117e-03 3.718041418474253568e-03 5.888497905003630165e-05 5.561535707880629052e-05 1.536898222051494354e-05 1.747229954134918797e-04 4.590439383181907235e-09 7.199806114210539588e-09 2.098603162980355022e-11 4.313136955308231039e-12 7.527557744809208406e-12 1.467517446920950965e-12
3.906248718075812105e-03 3.764793903405630471e-03 3.703862611089897040e-03 3.718447386013938854e-03 5.878773412393809049e-05 5.548880556402555498e-05 1.533288858496920418e-05 1.739242687137234158e-04 6.009899642731633431e-09 9.682432756422734939e-09 2.688341030541366065e-11 7.787073791587583299e-12 1.523066319951943096e-11 2.462597957282526038e-12
3.906248747903213504e-03 3.764743693421136132e-03 3.703978012545720237e-03 3.718501141242690211e-03 5.886102278134237555e-05 5.552424170323462180e-05 1.534437779259831603e-05 1.736812476342742173e-04 7.435069940264162808e-09 1.201443043156956559e-08 4.621253264460945247e-11 1.904027795032263291e-11 2.435699787020614918e-11 5.028066736928473264e-12
3.906248857355569103e-03 3.764513558765465034e-03 3.703682299595130629e-03 3.718195247051279267e-03 5.908300896865061394e-05 5.571133359610674820e-05 1.540041443020608990e-05 1.740450109043856621e-04 8.497428843010194923e-09 1.360708897425715261e-08 7.708098016618057596e-11 3.415343337461094252e-11 3.416238726087432457e-11 8.820193561206652867e-12
3.906248990467928346e-03 3.764120947881100139e-03 3.702985644658133516e-03 3.717550613582443122e-03 5.943249836169857100e-05 5.603820513598376229e-05 1.549643515818262564e-05 1.750053139625182513e-04 8.932493568349959155e-09 1.415753069285194793e-08 1.126125597195234791e-10 4.641760410162889592e-11 4.370447923976439678e-11 1.310208696899933682e-11
3.906249093925549289e-03 3.763583550564420475e-03 3.701935891637417927e-03 3.716614953525103956e-03 5.989398956869251611e-05 5.649244493856841830e-05 1.562708576099190001e-05 1.764822905424572215e-04 8.683952463581950734e-09 1.368342540473729889e-08 1.427022000441009138e-10 5.090601268828711348e-11 5.024309285104759775e-11 1.672024549338053339e-11
3.906249134758065043e-03 3.762917629254947799e-03 3.700617883247899961e-03 3.715457036412862010e-03 6.045928378100428870e-05 5.706122270299809332e-05 1.578711467388394429e-05 1.783319897186190961e-04 7.917436035093690744e-09 1.243318183926625667e-08 1.588355919501201359e-10 4.744141271213221709e-11 5.097856753370565017e-11 1.857079726091424754e-11
3.906249103645129898e-03 3.762137753481972161e-03 3.699145043095116488e-03 3.714159091752140037e-03 6.112529737053953741e-05 5.773094000096171705e-05 1.597214023240135319e-05 1.803646272628914456e-04 6.915265901041007402e-09 1.075554617435258989e-08 1.580496814895984881e-10 3.848372436620266401e-11 4.619440200589904408e-11 1.815162432397063172e-11
3.906249023526833786e-03 3.761258242993522835e-03 3.697644195143563999e-03 3.712809509925213674e-03 6.188892011740678724e-05 5.848662564232056608e-05 1.617885928490228947e-05 1.823714246919460723e-04 5.925394557944356909e-09 9.003709896677562163e-09 1.433250262451804393e-10 2.642599038192396296e-11 3.865680642522306685e-11 1.559635590918179492e-11
3.906248940719006350e-03 3.760296067700353347e-03 3.696237405355158948e-03 3.711496682669455146e-03 6.274077082285674180e-05 5.931106376546961128e-05 1.640438729045527456e-05 1.841539038106533772e-04 5.090608990795649636e-09 7.500160458255318780e-09 1.193985190762645022e-10 1.446604302756107129e-11 3.011407941292701959e-11 1.147026173755785239e-11
3.906248910817182278e-03 3.759274379428316840e-03 3.695026480525384367e-03 3.710303758092348744e-03 6.366006739928986797e-05 6.018356072229731841e-05 1.664484689531645388e-05 1.855488748178443380e-04 4.497613752474440594e-09 6.524033493059320357e-09 9.112680434847392760e-11 7.548037331884232748e-12 2.053503693509561129e-11 6.823553828510535261e-12
3.906248962564053823e-03 3.758225241992521528e-03 3.694084763727401889e-03 3.709303639506305282e-03 6.461258375769334537e-05 6.107851413835791885e-05 1.689382958103313972e-05 1.864439573382501542e-04 4.233020862151037309e-09 6.239744801971589625e-09 6.664166635973324305e-11 9.624005548412682572e-12 1.103627066084486669e-11 3.238490068302246595e-12
3.906249090316349978e-03 3.757190416274359263e-03 3.693457224082213972e-03 3.708554069368789983e-03 6.555242454297355564e-05 6.196415139990229084e-05 1.714153305004960007e-05 1.867821966287112531e-04 4.323894053972169790e-09 6.559121495745305584e-09 5.589043091857686127e-11 2.070183595070862424e-11 4.919949455415653998e-12 2.232620348809164489e-12
3.906249259476868036e-03 3.756219601118836009e-03 3.693166055567136292e-03 3.708093814511654283e-03 6.642702727744177261e-05 6.280216170264461416e-05 1.737514289594195501e-05 1.865572198666629446e-04 4.611688812217208103e-09 7.067577824639339161e-09 6.350158616397158464e-11 3.788197101648359295e-11 4.228374105725172716e-12 4.238461161932116640e-12
3.906249427342609309e-03 3.755366252986283397e-03 3.693216665633892656e-03 3.707940988125188291e-03 6.718389893454375654e-05 6.354911139752516722e-05 1.758044762188722647e-05 1.858031847034672659e-04 4.748380195432757979e-09 7.172858755941829829e-09 8.504675699856554127e-11 5.774342456131824784e-11 7.270624999703636728e-12 8.295765012127098912e-12
3.906249552523425542e-03 3.754681735643475120e-03 3.693600109795050664e-03 3.708093801078481307e-03 6.777726704198384748e-05 6.416021395537741770e-05 1.774408059361411020e-05 1.845841863292273634e-04 4.410508404893109375e-09 6.467084969274556376e-09 1.103457028707153473e-10 7.557909305502126153e-11 1.086031433689684425e-11 1.269713886569979584e-11
3.906249607803694620e-03 3.754209032971536197e-03 3.694291272089077118e-03 3.708532604516984275e-03 6.817313559582470180e-05 6.459503831156595654e-05 1.785553098614937504e-05 1.829869113516347011e-04 3.575370527723616649e-09 5.055483931126006569e-09 1.302492391989192784e-10 8.437886837772800993e-11 1.319990104857482246e-11 1.574661303995325031e-11
3.906249583772725999e-03 3.753977251846500607e-03 3.695245567851504313e-03 3.709221801085420614e-03 6.835203974593995007e-05 6.482380646943222290e-05 1.790836236166449023e-05 1.811171474986456021e-04 2.600620632059231160e-09 3.574236623214884696e-09 1.405072710265862015e-10 7.895416096482616137e-11 1.360618142381858303e-11 1.624138224118557480e-11
3.906249497863729936e-03 3.753997975637282138e-03 3.696397649965803972e-03 3.710110968474731805e-03 6.830956749694693593e-05 6.483233126898238421e-05 1.790056958033159768e-05 1.790983056820739309e-04 2.019851506736100104e-09 2.849622023868988662e-09 1.398857409047000158e-10 6.149403045269679389e-11 1.158315044821950487e-11 1.396405926726269569e-11
3.906249384847139058e-03 3.754264379302298116e-03 3.697664046339386133e-03 3.711136110321113218e-03 6.805505901544700055e-05 6.462387317935807719e-05 1.783432798544311835e-05 1.770689394396993512e-04 2.216185652668644131e-09 3.424818577258007991e-09 1.280715359708958164e-10 4.036547600520839876e-11 7.891375994846500760e-12 1.001604257628994179e-11
3.906249282894504356e-03 3.754753275864327472e-03 3.698949561939249460e-03 3.712222839529384210e-03 6.760911766101306290e-05 6.421746830831820266e-05 1.771540753448882721e-05 1.751763747387248917e-04 3.208929128118147205e-09 5.260563039586310201e-09 1.082283933408747525e-10 2.300818823328307012e-11 4.797583973842088620e-12 6.244101519646789283e-12
3.906249215912845421e-03 3.755429641278879623e-03 3.700156058409357664e-03 3.713292547796568938e-03 6.700037929783950403e-05 6.364354888163846415e-05 1.755230832015644462e-05 1.735657203023428189e-04 4.658556270709177735e-09 7.762591314141827346e-09 8.781195086106342290e-11 1.174329145103244880e-11 3.791374832586897537e-12 4.002441468269738348e-12
3.906249191815944297e-03 3.756252256537328995e-03 3.701192218431730019e-03 3.714270716222432475e-03 6.626202068041024836e-05 6.293853514495593613e-05 1.735511478550026001e-05 1.723657024407546318e-04 6.044730046673878309e-09 1.007917396446839525e-08 7.291709942096161422e-11 5.701647637398231232e-12 4.339437066030687014e-12 3.517430256683124203e-12
3.906249205154747883e-03 3.757178886480025144e-03 3.701983023348909014e-03 3.715094866911801408e-03 6.542858689860986832e-05 6.214004114883863404e-05 1.713416919707249603e-05 1.716747434363049456e-04 6.909200333945122650e-09 1.148690884777747037e-08 6.433800346401254648e-11 3.557367792971398029e-12 5.532287048406336748e-12 4.256464987961113884e-12
3.906249240020568184e-03 3.758169897696269322e-03 3.702477865026669243e-03 3.715719968669241313e-03 6.453349474789869626e-05 6.128351519089891006e-05 1.689882853286770695e-05 1.715504195317025052e-04 7.049776205340022496e-09 1.166966276245885092e-08 5.981149810136831856e-11 3.723465521374468110e-12 7.453733112226130684e-12 5.503532636020098340e-12
3.906249278635932996e-03 3.759190038494900771e-03 3.702655878961309995e-03 3.716120683416959582e-03 6.360750767043871700e-05 6.040044285998528734e-05 1.665671203872404456e-05 1.720040869391524529e-04 6.571436306757224222e-09 1.077557445761320742e-08 5.718786898526412896e-11 4.275739252497152131e-12 1.003455793756341465e-11 6.563159638459754752e-12
3.906249306730961469e-03 3.760208684695073335e-03 3.702527273843394303e-03 3.716291657845743630e-03 6.267819876460773093e-05 5.951783727851609753e-05 1.641374955307538312e-05 1.730002530885465432e-04 5.769608095003020643e-09 9.262395737905734439e-09 5.573809888880157468e-11 4.097995511569282003e-12 1.204800350795860432e-11 6.913739561853430854e-12
3.906249319828245577e-03 3.761199106059734572e-03 3.702130222691043648e-03 3.716247369559001670e-03 6.177028375969251435e-05 5.865876936044244649e-05 1.617502833440361693e-05 1.744593037241382245e-04 4.943234898196840160e-09 7.662742670305055993e-09 5.505284678056161285e-11 3.462088072817102214e-12 1.253451099952669017e-11 6.484981315733326281e-12
3.906249318489029079e-03 3.762137063014597913e-03 3.701523978274729853e-03 3.716021465426364023e-03 6.090657077888099669e-05 5.784378419404279304e-05 1.594602130585326031e-05 1.762630919137169155e-04 4.296088123747902932e-09 6.426176121352442282e-09 5.357525765132753271e-11 3.062376836995294936e-12 1.237375178023447977e-11 5.640701911328309446e-12
3.906249307592021391e-03 3.762999124590658481e-03 3.700780434338507736e-03 3.715664322071428154e-03 6.010910511386286865e-05 5.709286497167100451e-05 1.573351822177742392e-05 1.782634896701328759e-04 3.974834245105662607e-09 5.876485692053159342e-09 5.042746685291549864e-11 3.003024660974587798e-12 1.336876878193144465e-11 4.799558209069253441e-12
3.906249287041071560e-03 3.763761148675428755e-03 3.699976582256135453e-03 3.715237397141914980e-03 5.940017566965297157e-05 5.642723936846699679e-05 1.554569979147770272e-05 1.802941708847656261e-04 4.119699848161656544e-09 6.187414722859846039e-09 4.767756988667125743e-11 2.876090864894499061e-12 1.580574148944553941e-11 4.101116261297370732e-12
3.906249262599957930e-03 3.764397561448642841e-03 3.699189159224888779e-03 3.714804441152852466e-03 5.880297608140645305e-05 5.587015537239478543e-05 1.539125663106555213e-05 1.821851005786983830e-04 4.787385642094344346e-09 7.287861506540704212e-09 4.850759689791218447e-11 2.524513500734748546e-12 1.785492115719824916e-11 3.454013387320444936e-12
3.906249245023186295e-03 3.764881798873747840e-03 3.698490707838268925e-03 3.714421417405965996e-03 5.834176171621297522e-05 5.544612174970899211e-05 1.527799182656430169e-05 1.837783610462301320e-04 5.791230645984772112e-09 8.758796945252062535e-09 5.426960760098264215e-11 2.243560545491543048e-12 1.776992767350441693e-11 2.794341500085698864e-12
3.906249251375466542e-03 3.765188039846596984e-03 3.697945042759072983e-03 3.714128093561135536e-03 5.804106828220628023e-05 5.517871882638525539e-05 1.521160036433189315e-05 1.849435371140194608e-04 6.668860141699838239e-09 9.894088872558145209e-09 6.435735457059017740e-11 2.137826575909833274e-12 1.582423826155322094e-11 2.169459930645802812e-12
3.906249291693447267e-03 3.765294152078530517e-03 3.697601108032677868e-03 3.713944215388461680e-03 5.792340015120292485e-05 5.508747754635377552e-05 1.519513502907065728e-05 1.855901792488613223e-04 6.907184157067440465e-09 1.000584132080620242e-08 7.658986328804143620e-11 1.925673125481038645e-12 1.358515435209080988e-11 1.650275267016102620e-12
3.906249364906834443e-03 3.765185387962990612e-03 3.697486286720216408e-03 3.713871289356598677e-03 5.800541516534868467e-05 5.518463257945462362e-05 1.522920555446804696e-05 1.856751477189363128e-04 6.286851497860586806e-09 8.822622319140416113e-09 8.718589067851268566e-11 1.667949267312244337e-12 1.175577386696827569e-11 1.254409991260340342e-12
3.906249452733631493e-03 3.764858267106236701e-03 3.697602387466739603e-03 3.713898901467047476e-03 5.829333718732520648e-05 5.547224233089801732e-05 1.531247435831030023e-05 1.852030033964832852e-04 5.058434586584876739e-09 6.706262039969950958e-09 9.225151293922175974e-11 2.214375071259322143e-12 9.566444423064813288e-12 1.012043706119121202e-12
3.906249528387010887e-03 3.764323518221181220e-03 3.697926867037720083e-03 3.714012064118444537e-03 5.877920999088212599e-05 5.594026441680086971e-05 1.544192384044272421e-05 1.842201651049528704e-04 3.796058467749606990e-09 4.513516704592893597e-09 8.924888918815348816e-11 4.331591923021255560e-12 6.414319542021462742e-12 1.050293441950420443e-12
3.906249565874973274e-03 3.763606913390799263e-03 3.698419496498472642e-03 3.714195911794025695e-03 5.943947459359718059e-05 5.656616343920856473e-05 1.561263593346158302e-05 1.828054940052984149e-04 3.060461554720003495e-09 3.180631828293049620e-09 7.817920259272009351e-11 7.817742899662952401e-12 3.124437957976672275e-12 1.471093601871578332e-12
3.906249553750858194e-03 3.762747417372047393e-03 3.699031659745490204e-03 3.714436010079095758e-03 6.023645665348319271e-05 5.731638820252841642e-05 1.581727806125818336e-05 1.810607663869999277e-04 3.135071441576823604e-09 3.281898555942984951e-09 6.344846267591805089e-11 1.238109423335836052e-11 1.157396226265006480e-12 2.210677229001382453e-12
3.906249496180531650e-03 3.761793076905120548e-03 3.699714008138431549e-03 3.714715383489405973e-03 6.112233348661184895e-05 5.814961904799781486e-05 1.604582795213442702e-05 1.791034848543353200e-04 3.968366423583700647e-09 4.789310857037044405e-09 5.135081547057991729e-11 1.849731244112495491e-11 1.147519945576971271e-12 3.079116990805078279e-12
