7.812499853032692752e-03 7.812500279798491667e-03 7.812350082550026734e-03 7.812350082567939488e-03 6.686717854768583909e-18 1.273966279961955695e-20 1.281536489683403687e-20 2.436224928051321290e-17 1.455721960673305505e-20 1.414645784137750476e-20 1.086062937235625124e-18 1.165389101393045141e-18 8.989214451307552676e-19 8.960901067787846912e-19
7.812499853032699691e-03 7.812500279798476055e-03 7.812350082258740641e-03 7.812350082365753998e-03 1.490247763194331891e-17 1.077391542540353658e-17 9.648851966739274479e-18 2.698813529540607934e-17 3.969790221977746295e-20 6.614085160710059505e-20 6.769279138021571203e-19 7.910902964670489094e-19 1.190824459846884428e-18 1.204169386124211842e-18
7.812499853032702293e-03 7.812500279798481259e-03 7.812350082258744978e-03 7.812350082365754865e-03 1.338629013537693114e-17 1.040157544868407331e-17 8.023705175726225935e-18 2.818645043139415115e-17 2.152965149171645697e-19 3.799847032862925212e-19 6.928265282913937219e-19 1.240523657224185365e-18 7.085027850969154152e-19 7.773357143226965478e-19
7.812499853032704028e-03 7.812500279798481259e-03 7.812350082258739774e-03 7.812350082365751396e-03 1.050061327306201373e-17 1.018748243646475980e-17 1.255526088916916614e-17 2.884255147975228781e-17 9.256801281552135578e-19 1.645685095966217605e-18 7.388023364085470975e-19 1.660036523940091255e-18 8.383494548726663057e-19 8.183963188891619296e-19
7.812499853032684079e-03 7.812500279798443095e-03 7.812350082258605333e-03 7.812350082365557974e-03 1.110234188146072923e-16 5.476475696791553340e-17 9.458349117056311261e-17 7.886970031758802209e-17 3.443302604107927034e-17 6.124207773371920346e-17 6.284179086478649754e-18 2.503684965994403494e-18 3.654858511063177099e-18 2.434541951567209816e-18
7.812499853032585199e-03 7.812500279797884514e-03 7.812350082257480365e-03 7.812350082363527480e-03 1.221025990081458542e-15 5.277097822561900040e-16 8.042486056611601589e-16 6.609800012573974879e-16 3.388298157432289595e-16 6.025997243998442083e-16 4.299615324309343742e-17 6.182063992450280926e-18 1.459412735665996728e-17 8.393605814962234524e-18
7.812499853032228714e-03 7.812500279794808850e-03 7.812350082251317759e-03 7.812350082352021927e-03 7.688773607708341558e-15 3.222952618985768202e-15 4.719067260205915655e-15 4.031146146161859528e-15 1.884039370417977416e-15 3.350523466180380883e-15 1.928172898559710482e-16 1.934079143140993854e-17 4.650868912542514034e-17 2.530941210795265573e-17
7.812499853031174869e-03 7.812500279782960688e-03 7.812350082226447029e-03 7.812350082305783740e-03 3.459153926335484060e-14 1.423009475135000606e-14 2.065106717651520955e-14 1.758670007424376872e-14 7.474971242608616118e-15 1.329261887693268125e-14 6.521037856212037002e-16 5.760582486707589039e-17 1.268442134019709245e-16 6.658726162358922907e-17
7.812499853028622224e-03 7.812500279747522022e-03 7.812350082146477144e-03 7.812350082159213484e-03 1.228145204190944378e-13 4.981559865801570222e-14 7.232334033967236660e-14 6.002620078048621925e-14 2.330673017550618989e-14 4.144451327071532766e-14 1.799362870135473441e-15 1.427261037909592265e-16 3.217148774348091904e-16 1.656021244025556323e-16
7.812499853023407645e-03 7.812500279660945443e-03 7.812350081934199032e-03 7.812350081777151914e-03 3.610941462883710220e-13 1.446487842594735793e-13 2.106461858849508682e-13 1.682485411779086762e-13 5.969979759489234567e-14 1.061558662668440769e-13 4.181426505765995402e-15 3.064292009388034718e-16 7.297245782647366682e-16 3.709681066676250211e-16
7.812499853014897092e-03 7.812500279486930127e-03 7.812350081463906824e-03 7.812350080947388573e-03 8.986578228190934686e-13 3.554742578353971945e-13 5.197792228478134614e-13 3.957470702999447474e-13 1.276867248607976924e-13 2.270390699252432121e-13 8.202594568337771268e-15 5.706716504513872559e-16 1.394764649639620885e-15 6.985414894486088430e-16
7.812499853005088098e-03 7.812500279205564918e-03 7.812350080604125828e-03 7.812350079464436790e-03 1.902129002541687645e-12 7.419716841836609477e-13 1.090168097358521198e-12 7.836573236885160296e-13 2.269353059419004219e-13 4.034945866351257231e-13 1.322833237000902742e-14 8.826454221410365274e-16 2.141521901400748154e-15 1.049552852338452868e-15
7.812499853000657614e-03 7.812500278866488929e-03 7.812350079367172580e-03 7.812350077389442968e-03 3.385603051914610680e-12 1.299293649069382529e-12 1.919379016255142377e-12 1.289038721443987301e-12 3.261388284048605778e-13 5.798470598759595590e-13 1.652309064804564358e-14 1.050173777403608074e-15 2.452172386271292471e-15 1.160862856847303362e-15
7.812499853009330364e-03 7.812500278626734532e-03 7.812350078155607877e-03 7.812350075432913411e-03 4.901700794298826520e-12 1.845807442333131019e-12 2.742383323432933970e-12 1.711872500631155452e-12 3.618101175167228489e-13 6.432170532979282816e-13 1.450822953252832875e-14 8.404456795926444247e-16 1.768730318409408703e-15 7.947353669022762643e-16
7.812499853018082911e-03 7.812500278590924635e-03 7.812350077802290675e-03 7.812350074866239967e-03 5.396993520182899994e-12 2.001504125631436744e-12 2.981955563864776735e-12 1.839553005394764809e-12 3.385082846655620411e-13 6.017667164747947853e-13 1.214427993611698859e-14 6.887460695120800809e-16 1.008878670124885733e-15 5.686433832745600294e-16
7.812499852932987786e-03 7.812500278033927478e-03 7.812350078412555986e-03 7.812350075183738599e-03 4.315407145162125193e-12 1.703056079344719690e-12 2.468677803485621447e-12 2.361762504659291149e-12 6.950218203357612152e-13 1.235844223678887274e-12 5.000445518197857448e-14 3.487853549235544693e-15 6.991188329062130584e-15 4.287096403828406308e-15
7.812499852466974273e-03 7.812500273374220830e-03 7.812350074989517223e-03 7.812350066099102777e-03 6.283159864873798714e-12 3.169681657633534525e-12 4.281083262384277953e-12 7.474396685349264012e-12 3.134461378552293558e-12 5.573936102794475155e-12 2.565382438969137001e-13 1.793286207381122970e-14 4.095657609932940287e-14 2.322756235362740439e-14
7.812499851005201730e-03 7.812500254476032260e-03 7.812350047197313789e-03 7.812350009764495659e-03 3.267183280083109047e-11 1.552890608038603436e-11 2.153012832021432507e-11 2.999039571018929183e-11 1.192963004046087639e-11 2.121349784689094635e-11 9.154067249738646083e-13 6.267335131562388764e-14 1.487577274822372607e-13 8.082559945377390727e-14
7.812499847572922963e-03 7.812500200162266970e-03 7.812349942262116105e-03 7.812349812582107186e-03 1.418939026414260175e-10 6.257923727216895362e-11 8.890829388137152469e-11 9.827167982682776205e-11 3.508698292183345656e-11 6.238995165255056626e-11 2.495107801700213002e-12 1.674872886280859129e-13 4.032386433068535682e-13 2.126340294529182148e-13
7.812499841149679949e-03 7.812500076640842978e-03 7.812349656646455642e-03 7.812349297842300852e-03 4.531185304792351007e-10 1.911716241251917738e-10 2.754704942626815632e-10 2.605143014572550335e-10 8.366148061447493069e-11 1.487573883594500199e-10 5.529630009772213748e-12 3.642001973500445808e-13 8.817774631025505430e-13 4.529400816738033242e-13
7.812499831578885272e-03 7.812499846019973354e-03 7.812349034944595511e-03 7.812348211501761626e-03 1.153088037609147093e-09 4.718569550809047194e-10 6.864440626384909332e-10 5.765652531795112974e-10 1.666204089618884149e-10 2.962549692899769045e-10 1.022263722997258592e-11 6.602819658618227721e-13 1.600332603582791050e-12 7.996530690736659034e-13
7.812499820987390577e-03 7.812499492320172136e-03 7.812347918113238948e-03 7.812346312754753913e-03 2.447702082586668115e-09 9.771504459394998477e-10 1.432182592776262639e-09 1.085202190312603517e-09 2.797335493584696527e-10 4.973531052445160586e-10 1.578555168644550071e-11 9.976736329833793948e-13 2.407389315817944536e-12 1.163070496921323321e-12
7.812499814740346896e-03 7.812499062254251760e-03 7.812346269952624885e-03 7.812343587535403380e-03 4.418222801594663738e-09 1.724018381710924485e-09 2.543369039502271716e-09 1.745678194287174871e-09 3.925477856832722905e-10 6.978974099388868424e-10 1.991635042324601510e-11 1.224961599953548414e-12 2.906677297724346513e-12 1.340207045632927941e-12
7.812499819669653858e-03 7.812498690802675665e-03 7.812344360995931644e-03 7.812340529108604235e-03 6.791658385448597663e-09 2.589635535318124385e-09 3.843587174577796148e-09 2.388121726329547615e-09 4.486778634736386646e-10 7.976351216230320940e-10 1.945454780928678873e-11 1.150124436219397677e-12 2.578274801527277953e-12 1.104879030998407927e-12
7.812499836541287289e-03 7.812498540333734538e-03 7.812342867626963228e-03 7.812338223696329957e-03 8.770998199078791133e-09 3.264672608722082367e-09 4.871569121144878528e-09 2.769177408961638509e-09 4.069975426300912668e-10 7.234670550496552353e-10 1.372916498195645736e-11 7.682980461335988361e-13 1.334211274175846751e-12 5.266104145852489671e-13
7.812499844218311236e-03 7.812498550624985029e-03 7.812342564980947340e-03 7.812337706375470196e-03 9.284480356680769592e-09 3.391579366265826169e-09 5.070184887145676427e-09 2.882656183351129511e-09 3.547336710690416432e-10 6.305366725051128967e-10 1.154662420183171506e-11 7.017772446811630204e-13 6.870865548176398187e-13 5.878448151397473986e-13
7.812499781849658459e-03 7.812497938502010325e-03 7.812343184217111422e-03 7.812337931984741912e-03 8.187553284667456409e-09 3.083966817157662608e-09 4.539467182508874874e-09 3.660704609143170800e-09 6.855413362771258625e-10 1.218817767411949071e-09 4.055398810831542361e-11 2.754254024186154649e-12 5.100823035562536418e-12 3.800718297404887449e-12
7.812499539571283146e-03 7.812494543140142793e-03 7.812341152959785887e-03 7.812332057382916951e-03 8.841744470361763275e-09 3.960847677671831129e-09 5.566699818414017084e-09 7.988727728025107941e-09 2.269703900840955374e-09 4.035652044942290635e-09 1.530598335048681487e-10 1.015029511803742054e-11 2.274312838665734421e-11 1.439154679112181492e-11
7.812498977478036198e-03 7.812484406984244664e-03 7.812326615005588636e-03 7.812302905420510403e-03 2.180228070163895656e-08 1.051910237351932575e-08 1.469509777326951620e-08 2.154800783639236158e-08 6.441336062768101019e-09 1.145289726045248539e-08 4.183566629119004919e-10 2.688688398449523746e-11 6.410204810582792039e-11 3.741937251586601052e-11
7.812497994380795431e-03 7.812462264526452878e-03 7.812281302555792832e-03 7.812220353796601319e-03 6.797441971956459514e-08 3.112683845546636387e-08 4.428691811001559565e-08 5.250018216563952165e-08 1.458559667171380079e-08 2.593298671185517114e-08 8.923137195569946546e-10 5.580726580343116856e-11 1.368525905275325295e-10 7.596895532207501905e-11
7.812496642031469159e-03 7.812423582450244049e-03 7.812180052545585236e-03 7.812045025095691250e-03 1.780202938069342282e-07 7.735204086169203320e-08 1.116600602934448646e-07 1.089078623714063587e-07 2.722494382585283444e-08 4.840450683178018379e-08 1.565251751831076252e-09 9.571862561908550104e-11 2.374788403926076740e-10 1.267232692541452426e-10
7.812495230981619278e-03 7.812368096507126165e-03 7.811998844602665269e-03 7.811742231074614295e-03 3.842368801176499279e-07 1.602847291236858473e-07 2.337376488854461481e-07 1.935971465318801878e-07 4.285591415854843683e-08 7.619439228334032260e-08 2.309536585971195090e-09 1.388926151257079191e-10 3.438758958467041636e-10 1.764634770635408751e-10
7.812494328139583770e-03 7.812303379348786367e-03 7.811729874197701103e-03 7.811305756875472177e-03 7.032546837354541918e-07 2.835793382204843004e-07 4.166897389954705580e-07 2.982177140607078031e-07 5.728193039849254671e-08 1.018418287115963538e-07 2.870621251324717492e-09 1.710327857225162103e-10 4.156015858671873276e-10 2.033830078163160189e-10
7.812494550142056599e-03 7.812245427258719503e-03 7.811398810282921268e-03 7.810782527030078054e-03 1.113727748184818239e-06 4.354043797212895802e-07 6.437087438942030785e-07 4.008686263785850362e-07 6.449845579325761372e-08 1.146714490440105175e-07 2.950286379393989448e-09 1.757886544092374037e-10 4.076251147584443617e-10 1.864280085829475329e-10
7.812496138080336598e-03 7.812212893856464342e-03 7.811072727768756351e-03 7.810279691796943348e-03 1.541461156476913746e-06 5.846309847418375274e-07 8.688045986117029490e-07 4.729147334166597758e-07 5.986995545985544601e-08 1.064408523094781375e-07 2.398906799492919419e-09 1.447093820380490438e-10 2.992036217454500510e-10 1.233028866595122159e-10
7.812498445556872832e-03 7.812213704232950744e-03 7.810843583203532815e-03 7.809932136645577130e-03 1.870616030668633253e-06 6.884156571567480939e-07 1.027329365299366220e-06 4.981846542090092702e-07 4.512119076652669270e-08 8.021540086052237285e-08 1.462733783832378918e-09 9.142015490921046384e-11 1.307042684076469425e-10 5.126609525959284014e-11
7.812499643314411817e-03 7.812227465998996048e-03 7.810777050788949953e-03 7.809818584425421741e-03 1.996915864576686549e-06 7.162014155120878158e-07 1.070908963295831547e-06 5.007358000999807850e-07 3.290430957355282637e-08 5.849276689748947363e-08 9.514396162225324298e-10 6.544656480765387486e-11 3.004608039528078090e-11 5.523581514541357838e-11
7.812497004583882597e-03 7.812192420099366673e-03 7.810833005781974391e-03 7.809841229764222931e-03 1.921887432159646985e-06 6.874135529587402941e-07 1.023172530687733249e-06 5.684268623121463193e-07 4.737660114594148372e-08 8.423679642396576140e-08 2.159777945513930217e-09 1.562492681340313001e-10 2.031293823752154001e-10 2.448616030593151018e-10
7.812487977686922644e-03 7.812008194689230509e-03 7.810787695955377988e-03 7.809619485122610769e-03 1.857942469276308112e-06 7.085479518432960039e-07 1.035821288261976948e-06 8.540461262419201573e-07 1.176737671272773021e-07 2.092704438955106143e-07 6.441407044222512634e-09 4.739388420095037987e-10 8.689377630028340059e-10 6.963803065373063200e-10
7.812471748767348123e-03 7.811562352071302860e-03 7.810207234515143850e-03 7.808473164261869534e-03 2.285569265615626913e-06 9.854058759137348325e-07 1.409932401056303498e-06 1.539858543220769961e-06 2.640648030851998174e-07 4.696292127249682510e-07 1.450068270866635975e-08 1.097080569259585625e-09 2.145519122322217814e-09 1.387888630316726784e-09
7.812450529143469789e-03 7.810779042843053223e-03 7.808519956579640028e-03 7.805560882451594018e-03 3.896605580814575925e-06 1.787075451064486949e-06 2.548005225924580296e-06 2.765201026029978535e-06 4.813926593788763635e-07 8.560611033157769348e-07 2.567753772370439561e-08 1.996999947834732339e-09 3.924096452921884230e-09 2.168932274323227475e-09
7.812429661862023596e-03 7.809674641149721812e-03 7.805202887404326904e-03 7.800181116207064586e-03 7.390363320579293810e-06 3.354519377221000757e-06 4.824207063860702588e-06 4.537698916556045439e-06 7.287005859073173523e-07 1.295546565584576358e-06 3.763798109124719980e-08 2.981867600756878349e-09 5.802416352757136065e-09 2.793005708986954150e-09
7.812416165084923141e-03 7.808393536111879127e-03 7.800038510484820671e-03 7.792149825718211638e-03 1.316122584248707086e-05 5.776773434575371999e-06 8.402178779544433807e-06 6.667369014382867723e-06 9.343828152441929552e-07 1.660533770819677725e-06 4.683909736356856503e-08 3.727505870703463024e-09 7.155200692989291598e-09 3.005905790883296624e-09
7.812415835781623234e-03 7.807194132714686402e-03 7.793337863448148058e-03 7.782082517240840498e-03 2.099925837947448981e-05 8.887746642244384300e-06 1.307323485563547160e-05 8.770203536976671789e-06 1.021168349833567159e-06 1.813577852759234814e-06 4.980482620504829236e-08 3.925054674733172263e-09 7.390755274245770067e-09 2.677423671020728526e-09
7.812430158111208570e-03 7.806368467992530306e-03 7.786000020659196962e-03 7.771393248244110735e-03 2.996771098010651084e-05 1.224706928486793432e-05 1.820790009944723024e-05 1.037469218978934016e-05 9.437824387095230784e-07 1.674508893816518994e-06 4.481774421544876846e-08 3.480661935646373706e-09 6.288342095903762386e-09 1.909354948954186199e-09
7.812454690656026220e-03 7.806110337177065567e-03 7.779316215103107730e-03 7.761914895057454335e-03 3.858110769296473004e-05 1.524525220567434296e-05 2.288872843530340110e-05 1.112352046586807781e-05 7.209921399975341084e-07 1.277324934457239036e-06 3.320864513962974749e-08 2.606099190564303686e-09 4.202987598941745491e-09 1.036526922287110416e-09
7.812480201788416824e-03 7.806386805941349476e-03 7.774529785912486640e-03 7.755223553030285953e-03 4.528347453745602184e-05 1.731960264508936400e-05 2.622053730063316743e-05 1.100113352190226156e-05 4.399041900332164704e-07 7.773640324589916251e-07 1.940402124994623383e-08 1.689865830346681850e-09 1.957975355819218981e-09 4.886328777140276525e-10
7.812496176044654919e-03 7.806891664948079936e-03 7.772291495159932770e-03 7.751926368829008263e-03 4.907275643454239819e-05 1.820754084061740197e-05 2.772288834078687984e-05 1.046061247568982606e-05 2.225225911981681611e-07 3.913341514968997758e-07 9.298256043702367615e-09 1.038414036448956582e-09 4.757127963433712442e-10 6.019988789785711830e-10
7.812495292061822673e-03 7.807139215375609106e-03 7.772241751786874986e-03 7.751242393952807209e-03 5.001574978626547913e-05 1.812741955189118513e-05 2.764027203504243102e-05 1.032613486388670125e-05 1.665620513368287718e-07 2.920860178518983785e-07 7.538106151810808532e-09 7.398307222706425453e-10 3.469974172823032939e-10 1.479003218132539299e-09
7.812476894523122731e-03 7.806683943209593787e-03 7.772945300038862533e-03 7.751111453457110168e-03 4.940863028517055046e-05 1.778892355151607562e-05 2.700354558676601411e-05 1.144278173216673945e-05 2.931356705096467600e-07 5.162755802437531812e-07 1.516562146501566826e-08 7.596962350094244327e-10 1.577992599851113744e-09 2.934855168097096775e-09
7.812447633371830819e-03 7.805360622923213781e-03 7.772280325110742481e-03 7.748841300394401430e-03 4.946498788292683508e-05 1.819664607815776332e-05 2.735932394244346047e-05 1.421182877230432772e-05 5.348146728831700359e-07 9.439255835399399089e-07 2.905906680507177236e-08 1.081938157061726418e-09 3.634994840769413761e-09 4.525074952933985535e-09
7.812418676200951796e-03 7.803399072295380545e-03 7.768182598560221565e-03 7.742056677893807692e-03 5.260502689341779259e-05 2.029938517503130136e-05 3.022889388385826916e-05 1.827918656212739249e-05 7.737969837445373764e-07 1.366445431506797924e-06 4.353541426194053703e-08 1.674514513869848144e-09 5.723641719300665224e-09 5.666708062585079838e-09
7.812400713050573174e-03 7.801328899352429937e-03 7.759458933900293363e-03 7.729571012333778281e-03 6.059554765283085880e-05 2.461554399679295580e-05 3.650070756930909251e-05 2.260937471593158608e-05 9.062974796379607276e-07 1.600454172804186375e-06 5.309918170474839182e-08 2.359348928079941864e-09 7.126545026190934145e-09 5.879967309799367884e-09
7.812399402924678250e-03 7.799725111593778897e-03 7.746317787884777345e-03 7.711834931169255294e-03 7.387281172230948569e-05 3.099207090489362784e-05 4.602122468061838116e-05 2.595267368927323958e-05 8.916091203328781368e-07 1.574093109785217949e-06 5.473922402127798043e-08 2.840973662989225315e-09 7.441084276204534029e-09 5.059122113809174052e-09
7.812413332542555815e-03 7.798951317677097449e-03 7.730372562608386205e-03 7.690803617564479985e-03 9.132598392869010779e-05 3.860912329843406692e-05 5.757879489393928250e-05 2.744243129201358010e-05 7.582080085956336064e-07 1.337462465368700745e-06 4.867254717121565959e-08 2.922241090393851428e-09 6.682174005421527775e-09 3.585776418189186842e-09
7.812435655750508100e-03 7.799045564899258556e-03 7.714106581128725958e-03 7.669307408003667517e-03 1.106354824953435383e-04 4.624173039586804786e-05 6.930319478072197116e-05 2.696493794476126531e-05 5.706638856372884918e-07 1.004202722244843535e-06 3.759437307939980518e-08 2.652924081550576480e-09 5.212090707081325881e-09 2.106248471748818891e-09
7.812458049977899846e-03 7.799779002849843365e-03 7.700032119112999729e-03 7.650185626982551265e-03 1.290317728818038228e-04 5.267491242189746055e-05 7.931021912472004868e-05 2.510498190276937440e-05 3.874743003157170213e-07 6.774654697689259935e-07 2.514712054096112745e-08 2.242362830453985766e-09 3.545444287245964596e-09 1.135546455029140642e-09
7.812474472833470102e-03 7.800806553791946735e-03 7.689895100482323394e-03 7.635495440478613609e-03 1.441671433054891155e-04 5.710082886942940348e-05 8.631673803264112315e-05 2.275885910941017286e-05 2.386244849668603841e-07 4.107512044949558896e-07 1.444340290526867405e-08 1.861946205905620203e-09 2.132183429506819772e-09 8.357544544405149142e-10
7.812482976849034755e-03 7.801806678970187037e-03 7.684226346611384290e-03 7.626043122362352773e-03 1.547629942338338998e-04 5.933866733362661114e-05 8.998326647379967301e-05 2.069121747385026391e-05 1.297730912415325758e-07 2.152470666710316202e-07 7.191769313113489524e-09 1.549832374250488902e-09 1.215038735572340560e-09 1.072719775829833095e-09
7.812485232220344605e-03 7.802559641047198541e-03 7.682363107231317788e-03 7.621351204389437833e-03 1.608167121281512204e-04 5.980453704693076267e-05 9.088196765691194143e-05 1.927999912557097661e-05 5.844008953976879205e-08 8.768870836278464622e-08 3.560601357767626622e-09 1.265470385796757047e-09 8.005389836278341659e-10 1.573519804904219951e-09
7.812484687099224487e-03 7.802969819103481100e-03 7.682863284657014818e-03 7.620020195549746453e-03 1.633555907751381572e-04 5.927321903152686335e-05 9.015594799946130046e-05 1.851857110723650212e-05 2.355680679308437475e-08 2.636255214415280706e-08 2.603782480745845352e-09 9.816326611215906438e-10 7.232726482107818057e-10 2.034308801911694021e-09
7.812484528579055273e-03 7.803053725096873068e-03 7.684099485053701856e-03 7.620313644105695082e-03 1.639054050789472161e-04 5.855667006084784424e-05 8.904796951092744850e-05 1.818147643885591132e-05 2.259562066722161082e-08 2.582887436213637875e-08 2.931635335584074322e-09 7.139608646851121003e-10 7.608584317688468816e-10 2.206643585771634491e-09
7.812486347732097020e-03 7.802906138662985686e-03 7.684792010505495964e-03 7.620734657771241656e-03 1.639180799370792388e-04 5.823836154829621197e-05 8.849453651262909287e-05 1.801056113072297418e-05 4.482718225915012074e-08 6.572886531803247537e-08 3.335218233503188643e-09 4.892248766371900879e-10 7.457254436220388441e-10 1.993116274020955532e-09
7.812489966877368686e-03 7.802652857458577430e-03 7.684311301855815610e-03 7.620397450278489949e-03 1.643642387066439835e-04 5.854960502899452695e-05 8.891359154098924097e-05 1.782919431049579911e-05 7.161912630444491773e-08 1.123903205574701271e-07 3.165285769649239346e-09 3.154842434689563279e-10 6.195967562412057369e-10 1.482389404907102264e-09
7.812494127122805894e-03 7.802404580937485380e-03 7.682698807419341414e-03 7.619109876382451629e-03 1.655862811202974880e-04 5.939615713527549305e-05 9.021286715380141135e-05 1.757035112025118347e-05 8.559997302272443172e-08 1.355307841531904697e-07 2.391149535253712068e-09 1.938224273748048102e-10 4.206936771187331366e-10 8.868784499186035295e-10
7.812497470211249989e-03 7.802228932425433333e-03 7.680464665858448801e-03 7.617210995022639063e-03 1.673906019698739671e-04 6.048444806446939652e-05 9.196185539774789648e-05 1.725117344749978250e-05 8.071052106673271989e-08 1.254935666189347427e-07 1.385419300218637012e-09 1.368130099364646026e-10 2.270311722771739493e-10 4.201145515258224375e-10
7.812499262283496664e-03 7.802147068445501599e-03 7.678284905384741635e-03 7.615288498122666817e-03 1.692825327983098758e-04 6.147641588181483141e-05 9.362872093630432619e-05 1.693047970507380231e-05 6.424811185473353517e-08 9.577925091292663844e-08 5.818494528375433563e-10 1.549799808836771831e-10 9.927133493331952174e-11 1.990537257369546192e-10
7.812499556017950091e-03 7.802145493693739449e-03 7.676725520415324244e-03 7.613906859695971675e-03 1.707300961208414974e-04 6.211532079841483437e-05 9.478777861569192588e-05 1.666872075534763098e-05 4.957518521111539337e-08 6.959219670054388141e-08 2.069086967247101855e-10 2.286103736995301795e-10 5.661974703311794977e-11 2.213883633102788495e-10
7.812498898940323407e-03 7.802189426919653448e-03 7.676076529785660213e-03 7.613428103579155878e-03 1.713654284443885114e-04 6.229347725606795285e-05 9.523952736898054429e-05 1.649883460424523220e-05 4.584613527028352739e-08 6.222819974201759103e-08 2.312341407413778636e-10 3.119558163224693723e-10 8.408884360979063437e-11 4.034540037162911616e-10
7.812497920560946760e-03 7.802232495060661827e-03 7.676319544958354509e-03 7.613946242661542678e-03 1.710785375910244487e-04 6.205778441104415428e-05 9.502791401655731585e-05 1.641215865889956077e-05 5.255976528493730751e-08 7.251364683753447497e-08 4.915470641811085421e-10 3.682292406596156424e-10 1.491258838721778820e-10 6.320822645445896250e-10
7.812497066894792501e-03 7.802227167898124344e-03 7.677201581430874618e-03 7.615314113993682313e-03 1.700042512425950004e-04 6.156635540337338387e-05 9.437552276658168148e-05 1.636184653588275881e-05 6.184665501771761686e-08 8.726163479625088677e-08 8.232729644676049121e-10 3.861527414152458094e-10 2.163980589727904313e-10 8.067897016582737584e-10
7.812496511241781051e-03 7.802139573436450704e-03 7.678360934842314196e-03 7.617224476854871258e-03 1.684368934514004535e-04 6.102002790153284524e-05 9.357839679933613655e-05 1.628189975863044079e-05 6.526686105702234742e-08 9.262036242774377133e-08 1.102388135072701545e-09 3.659823195190416303e-10 2.621951334009319467e-10 8.748825206927742465e-10
7.812496219646037840e-03 7.801963573583982695e-03 7.679448409179731941e-03 7.619307392520942475e-03 1.667211245983212084e-04 6.059647760585791217e-05 9.290647870527361698e-05 1.611438596915572326e-05 5.944474959016087870e-08 8.305933591248381876e-08 1.230320394002931740e-09 3.076270493808568026e-10 2.816403015592615252e-10 8.410777275923767540e-10
7.812496067262236082e-03 7.801724521784449314e-03 7.680207555690407410e-03 7.621215867234738643e-03 1.651611118942663268e-04 6.040796446319642645e-05 9.254061247558314075e-05 1.583289243326745281e-05 4.721294373152034348e-08 6.308206675836624958e-08 1.154656856529515654e-09 2.204768610884023316e-10 2.839603166560700011e-10 7.462503242203478236e-10
7.812495939725520519e-03 7.801468805562560005e-03 7.680500815485480186e-03 7.622682332336906674e-03 1.639704408479166744e-04 6.049154736383084284e-05 9.255705934859457618e-05 1.545276710389118145e-05 3.486730501181152877e-08 4.282239682705306634e-08 9.268437265858243741e-10 1.319733597135753603e-10 2.806624007290452288e-10 6.351210591226286959e-10
7.812495810392372161e-03 7.801245471614342251e-03 7.680293265591961113e-03 7.623542163437857511e-03 1.632627294083275303e-04 6.082500272239638590e-05 9.294827781949960212e-05 1.502481172788627132e-05 2.836530457701504368e-08 3.194689417146728239e-08 6.895440855380236840e-10 7.137350780160545136e-11 2.771701562595159721e-10 5.386401201961943477e-10
7.812495774057383324e-03 7.801090398214164875e-03 7.679617741755038161e-03 7.623730980268567277e-03 1.630687270832232910e-04 6.135328767953494530e-05 9.365818359531991294e-05 1.461705702769232774e-05 3.062975683152378586e-08 3.528859329944996156e-08 5.627212835988074649e-10 4.823773053146284026e-11 2.709576492089155730e-10 4.691992315101304727e-10
7.812496004572946559e-03 7.801019097885079565e-03 7.678544236128501121e-03 7.623267186730509938e-03 1.633636498553494383e-04 6.201144366886053398e-05 9.461157972898225999e-05 1.429342797726595519e-05 4.043850989161355651e-08 5.103832333842130428e-08 5.465586308980964818e-10 5.418984718752809845e-11 2.536608949228606379e-10 4.203130555670442328e-10
7.812496631779798119e-03 7.801027496962795009e-03 7.677165776783217294e-03 7.622229199252808160e-03 1.640937838916600819e-04 6.273706605913448688e-05 9.572723457634188516e-05 1.409693806672889080e-05 5.277965583598395105e-08 7.120624462165778977e-08 5.503497052964884108e-10 7.901914167008566691e-11 2.172601965147849890e-10 3.775978705265320398e-10
7.812497593986529945e-03 7.801096856079874943e-03 7.675599630972139084e-03 7.620731771399200105e-03 1.651974699868906436e-04 6.347246017827182240e-05 9.691547544110199126e-05 1.404137420550190033e-05 6.090756096056601143e-08 8.468001488787471776e-08 4.996877509330075819e-10 1.151364488573257049e-10 1.629180347028021754e-10 3.354891450876227904e-10
7.812498566204971115e-03 7.801199754440974084e-03 7.673992897753495815e-03 7.618903661828040075e-03 1.666176502970805691e-04 6.416043472906765414e-05 9.806960623076769253e-05 1.411294308233202020e-05 5.993589060455973356e-08 8.296164871794788454e-08 3.998406211966495783e-10 1.519327004360480986e-10 1.061777737906907701e-10 3.026672447742000422e-10
7.812499053771074925e-03 7.801305349386283491e-03 7.672518875246725489e-03 7.616869257773883906e-03 1.683046089823451085e-04 6.473936921646154048e-05 9.906343259329801248e-05 1.428210110113845229e-05 5.027682857905558417e-08 6.624933743270491968e-08 3.078032866346077021e-10 1.796749166612354695e-10 7.374271355814721825e-11 2.973892685475216113e-10
7.812498632159666813e-03 7.801382900472925326e-03 7.671356652224933619e-03 7.614739595271466377e-03 1.702096434999436484e-04 6.514310541558802512e-05 9.976321818125709177e-05 1.452125443129783517e-05 3.829448713707502261e-08 4.527366990195048984e-08 2.760148955847130373e-10 1.983484042966873793e-10 9.087008086766677343e-11 3.408870074170650168e-10
7.812497201837249015e-03 7.801403862531090978e-03 7.670657640407920266e-03 7.612615855838451850e-03 1.722743768132731137e-04 6.530927069172183942e-05 1.000534417096700466e-04 1.481781435146641011e-05 3.294263590754535029e-08 3.591515493083483062e-08 3.370601546394462813e-10 2.121734366683772592e-10 1.639866817092737039e-10 4.417959878278257672e-10
7.812495078364333281e-03 7.801344666489945685e-03 7.670510553714322832e-03 7.610600036568103931e-03 1.744227893749939232e-04 6.519571551979745270e-05 9.986799788108100028e-05 1.517179567317124298e-05 4.016604303805187084e-08 4.907039076416282430e-08 5.024363071274141902e-10 2.165954203499432297e-10 2.730923119750237216e-10 5.803741818063748340e-10
7.812492900103195845e-03 7.801192644470767747e-03 7.670919899304099940e-03 7.608803560422339532e-03 1.765599991482183864e-04 6.479804001506211746e-05 9.921318396850725772e-05 1.557572355818140049e-05 5.876129580872593247e-08 8.266070546320395430e-08 7.298198111812737302e-10 2.019486352136907165e-10 3.810828516329633757e-10 7.147228976998454115e-10
7.812491399909044648e-03 7.800954310441960901e-03 7.671806713972414808e-03 7.607344211055998458e-03 1.785775612115598305e-04 6.415814227891146265e-05 9.817148076228197353e-05 1.599052210317778022e-05 8.069995376715356099e-08 1.220142298333951941e-07 9.058091118637623729e-10 1.694672594198949073e-10 4.510015518545383870e-10 7.988799977480197412e-10
7.812491115931742038e-03 7.800660131530765505e-03 7.673033286305866278e-03 7.606329970254107307e-03 1.803626974654734159e-04 6.335517272175504935e-05 9.688053494765318523e-05 1.633939801180696436e-05 9.591747241806178274e-08 1.488704491019336619e-07 9.203191893447657239e-10 1.320368996619794259e-10 4.600612158240309115e-10 7.964665758433236471e-10
7.812492133591250783e-03 7.800359190254140332e-03 7.674441600347642854e-03 7.605837575408820259e-03 1.818080321303487473e-04 6.248181849103899717e-05 9.549537823929271684e-05 1.653082719052810295e-05 9.833364655358530313e-08 1.525993769863580247e-07 7.757519255835780187e-10 9.845492846840494950e-11 4.078212779557791519e-10 6.936097240443946981e-10
7.812494031046210430e-03 7.800102179172256622e-03 7.675896495846616999e-03 7.605897118576439818e-03 1.828226666389231193e-04 6.161441159967244615e-05 9.414446198404529656e-05 1.650237702724804381e-05 8.885369315965530215e-08 1.354533002846728628e-07 5.881271920124242498e-10 6.837181383970596089e-11 3.175033043469930483e-10 5.193028717076773795e-10
7.812496052543584438e-03 7.799921303838168625e-03 7.677317282524499797e-03 7.606490090774489093e-03 1.833430573543588750e-04 6.079269373977964908e-05 9.289859503958730949e-05 1.625765820792788300e-05 7.334301113257308106e-08 1.084514240793606069e-07 4.612913956481057050e-10 4.513416781424744174e-11 2.276268534335700842e-10 3.432578982216266830e-10
7.812497439077231015e-03 7.799819160821133690e-03 7.678687734277541560e-03 7.607558169686876905e-03 1.833426694457979708e-04 6.001769729579950902e-05 9.176364274852043203e-05 1.587269546633251967e-05 5.755832196158116801e-08 8.200233818396264276e-08 4.058859737597851952e-10 4.115397199354356464e-11 1.735054298557357872e-10 2.362627546700444658e-10
7.812497729013648771e-03 7.799773549843452315e-03 7.680039522150496067e-03 7.609017003352169274e-03 1.828346147238102306e-04 5.926707271268964972e-05 9.069961910013031267e-05 1.546620639546001242e-05 4.367983950618309385e-08 5.972732515177214809e-08 3.927305586882384351e-10 6.340991827784308711e-11 1.740976759330735674e-10 2.371708506561573823e-10
7.812496926672149108e-03 7.799752994451267067e-03 7.681416702438653189e-03 7.610766790791871801e-03 1.818667647155675722e-04 5.851800025715518221e-05 8.965562716129177984e-05 1.515316230951711319e-05 3.122579787001255668e-08 4.020299718638627985e-08 4.380721095701640303e-10 1.027620785485252422e-10 2.273800428509109825e-10 3.443852814733483111e-10
7.812495468274187685e-03 7.799731951055652486e-03 7.682835526327059031e-03 7.612698745924777015e-03 1.805102346395485047e-04 5.776728284319049658e-05 8.860630501187015645e-05 1.500776599250491295e-05 2.081738234097757612e-08 2.375709835889901053e-08 5.849971655027230831e-10 1.432148518503847909e-10 3.114772448440936437e-10 5.154863143522018468e-10
7.812494016638638072e-03 7.799697603207485230e-03 7.684256601122156811e-03 7.614700518728856164e-03 1.788464912402624996e-04 5.704162388654450915e-05 8.757577061659674008e-05 1.505214344464923625e-05 1.619689641452411641e-08 1.631395219502014542e-08 8.065559953937774690e-10 1.737762963357193690e-10 3.909268797720417633e-10 6.751984328457012171e-10
7.812493190330011515e-03 7.799648584005202875e-03 7.685580722774925863e-03 7.616663927961365814e-03 1.769587121590053330e-04 5.639621921786125067e-05 8.664108488644773742e-05 1.526756760774609803e-05 2.164868747164934285e-08 2.528214856672689021e-08 9.808322343605690609e-10 1.872337205289379653e-10 4.317979834616553708e-10 7.527578003481365546e-10
7.812493299653834079e-03 7.799590748379032698e-03 7.686670407032592141e-03 7.618494928507740273e-03 1.749302970073336380e-04 5.590279367022501475e-05 8.591411849626973997e-05 1.561254289370475563e-05 3.696860078954675002e-08 5.090042351532604227e-08 9.961866648790200603e-10 1.770710020064240775e-10 4.186405812194667401e-10 7.249426388120749154e-10
7.812494265631523410e-03 7.799534011930964357e-03 7.687386700992878373e-03 7.620121303322026016e-03 1.728492941645273838e-04 5.563158007306383187e-05 8.550992286051971704e-05 1.603327927725472439e-05 5.520836506281878338e-08 8.186816786659146664e-08 8.575591608569984729e-10 1.450235892708405469e-10 3.559044059923468771e-10 6.121525458454886684e-10
7.812495719581083985e-03 7.799488670675083432e-03 7.687630571093129368e-03 7.621494785823084046e-03 1.708138484432252554e-04 5.563085091837701400e-05 8.551007496670540967e-05 1.646635384646213534e-05 6.626114818767479494e-08 1.009012041232497361e-07 6.618575211518992986e-10 1.073320114747441795e-10 2.607759190511125043e-10 4.507249267948553593e-10
7.812497205244232044e-03 7.799460270436679374e-03 7.687372984260292669e-03 7.622586576308315945e-03 1.689329458115936781e-04 5.591130652985255368e-05 8.593512815630114645e-05 1.684156091513745103e-05 6.387890909022737881e-08 9.674150247182554232e-08 5.029221205260371250e-10 8.515471656287157183e-11 1.577033119029449935e-10 2.827181608549792625e-10
7.812498353466747376e-03 7.799444846454532329e-03 7.686665910976606293e-03 7.623380570870879995e-03 1.673191321855469068e-04 5.643984086594006842e-05 8.673405406064555432e-05 1.709289904053182846e-05 5.040734055283826631e-08 7.295497696917848581e-08 4.207340354826693874e-10 8.750059358914607378e-11 7.298392755036886136e-11 1.514606714142963236e-10
7.812498975027239688e-03 7.799428974092796618e-03 7.685631199840095053e-03 7.623869373514050550e-03 1.660742139888259767e-04 5.714504859271119018e-05 8.779391507435993231e-05 1.717596830296821029e-05 3.533775166793543257e-08 4.609655887068231609e-08 4.166436883264901828e-10 1.056264036314439587e-10 2.509837154235458720e-11 8.302735398972462744e-11
7.812499085605956010e-03 7.799395994482366881e-03 7.684433595772493901e-03 7.624055542426266471e-03 1.652738450878319494e-04 5.793158592016380519e-05 8.896405544310168577e-05 1.708182507277395515e-05 2.893036679446292522e-08 3.458195703723070562e-08 4.686496251432925122e-10 1.229356335134707079e-10 1.649219884264166995e-11 7.319114995580678969e-11
7.812498838122306118e-03 7.799334632285609067e-03 7.683247961760785415e-03 7.623955516607209236e-03 1.649583224947149759e-04 5.869808941362549665e-05 9.008560015490814019e-05 1.683762023920741782e-05 3.568972700682864028e-08 4.662543820247395130e-08 5.263665323090278028e-10 1.282874158566448548e-10 3.743682293397321902e-11 1.026352238332707903e-10
7.812498422737977621e-03 7.799244024354581167e-03 7.682228796069653053e-03 7.623600778879562750e-03 1.651329312099254580e-04 5.935389770318149038e-05 9.101885989211755466e-05 1.649364651575036214e-05 5.192337356318767790e-08 7.549799176436724248e-08 5.329241778889818941e-10 1.188329878311325103e-10 7.484161675379294105e-11 1.536461056470728144e-10
7.812497985562297416e-03 7.799132001736998852e-03 7.681488450554502766e-03 7.623032867837973431e-03 1.657756744831861311e-04 5.983088093571661446e-05 9.166279076621389351e-05 1.610523269980450989e-05 6.839264543588570076e-08 1.044603314979899860e-07 4.794537581192207603e-10 9.665283546541328666e-11 1.167900414291586815e-10 2.098640932844355310e-10
7.812497595576408348e-03 7.799009340090542509e-03 7.681085447731147986e-03 7.622292874638465082e-03 1.668469623046995296e-04 6.008939447098497717e-05 9.196482677583883388e-05 1.571924998612724727e-05 7.588272395031493657e-08 1.171642842859436859e-07 4.190204110538495895e-10 6.869822254073753112e-11 1.540451565065952075e-10 2.556962045692820982e-10
7.812497265823110763e-03 7.798884442316911247e-03 7.681025300206285357e-03 7.621411535361241260e-03 1.682948362035128576e-04 6.011761439289388815e-05 9.191922078732540555e-05 1.537147447054398240e-05 7.027101973423147573e-08 1.067539521723474106e-07 4.075638032320765754e-10 4.748398108980682902e-11 1.816272502616305323e-10 2.851305329448133458e-10
7.812496997842366397e-03 7.798762523628821608e-03 7.681271464797027188e-03 7.620405045601292941e-03 1.700550969544837318e-04 5.992613176221573697e-05 9.155671000083706959e-05 1.509161081689373487e-05 5.435340118271279132e-08 7.870878714449453173e-08 4.363395625126377480e-10 4.300628765231219233e-11 1.991879057537076759e-10 3.019908606764203425e-10
7.812496808855984298e-03 7.798648620033923548e-03 7.681762513331569057e-03 7.619279600865022303e-03 1.720492863130637445e-04 5.954026254712690459e-05 9.092993513471619993e-05 1.490905017727812508e-05 3.575129012934721849e-08 4.673971035837854200e-08 4.495559742065494406e-10 5.337661604102104871e-11 2.085165793140257202e-10 3.098273202626522900e-10
7.812496736529264164e-03 7.798550878246412674e-03 7.682429864467963526e-03 7.618042839644619674e-03 1.741854494913782953e-04 5.899293089102517309e-05 9.009973856694811125e-05 1.485266513958691672e-05 2.250286186421330835e-08 2.491857243595510172e-08 4.245777670059640814e-10 6.942353072850617260e-11 2.103702949774197419e-10 3.068129637612348622e-10
7.812496820076448960e-03 7.798480765406544564e-03 7.683211933710220806e-03 7.616717662189589032e-03 1.763638037685673473e-04 5.831990536736956398e-05 8.912531681764123846e-05 1.494229510310948556e-05 1.914536807584104895e-08 2.085473854974698101e-08 4.000947751662714539e-10 8.505834585778162546e-11 2.030218147126916433e-10 2.875865541603632824e-10
7.812497079046596370e-03 7.798449571642883035e-03 7.684063016201376703e-03 7.615352985961772875e-03 1.784850161865181458e-04 5.755759914244409746e-05 8.805872548704794887e-05 1.517551931101521872e-05 2.544360399843054942e-08 3.354224352331722228e-08 4.168565905018798472e-10 9.610480130296215856e-11 1.842823588738440293e-10 2.472257906632692893e-10
7.812497470662500137e-03 7.798463250518819501e-03 7.684957125407308742e-03 7.614028087682430876e-03 1.804562276319123513e-04 5.674218918182504472e-05 8.694272769745799178e-05 1.551736882524015561e-05 3.788742945002472853e-08 5.621304746126069877e-08 4.606781085735652522e-10 9.406002455073365661e-11 1.563628470902661221e-10 1.888434028614423075e-10
7.812497872816379779e-03 7.798518594208879093e-03 7.685887106622469288e-03 7.612849674108422386e-03 1.821917922237949248e-04 5.590855587306840113e-05 8.581094451152158648e-05 1.590054298430665358e-05 5.229190560052983798e-08 8.131753581665406558e-08 4.797991649511672273e-10 7.322749826958902362e-11 1.283675881831833556e-10 1.289096730453502894e-10
7.812498101185548841e-03 7.798602923941665328e-03 7.686858844157478700e-03 7.611941809255588429e-03 1.836104073824888121e-04 5.508858981911559814e-05 8.468983348464785153e-05 1.623907938851836073e-05 6.552214821826729148e-08 1.037894262781361596e-07 4.449721298570187722e-10 4.346589682824195851e-11 1.127321655102457249e-10 9.080662661607315856e-11
7.812497972161804027e-03 7.798697742159800030e-03 7.687881030663826221e-03 7.611428624221797459e-03 1.846338409804376517e-04 5.430981250469100791e-05 8.360224792548868198e-05 1.645153249451331243e-05 7.551026579551768813e-08 1.207531109961015855e-07 3.833078771244973268e-10 2.456167881967312097e-11 1.186546332672508415e-10 9.243614296711806743e-11
7.812497379873744284e-03 7.798784686665872178e-03 7.688952084015185200e-03 7.611410180494723211e-03 1.851917332967329289e-04 5.359598989040531309e-05 8.257259486527639006e-05 1.648488514519436370e-05 8.031804753650735019e-08 1.292337805947985797e-07 3.493942084273258155e-10 2.726768161580084536e-11 1.474679924893888336e-10 1.390565669560895806e-10
7.812496373873964277e-03 7.798850739187014082e-03 7.690047066011919223e-03 7.611935140066465599e-03 1.852325241417326657e-04 5.297052991310021927e-05 8.163322762712084282e-05 1.633018006901797612e-05 7.782592334176251799e-08 1.253241654853632004e-07 3.667871743734978099e-10 4.776033353706286810e-11 1.915270844857613301e-10 2.211990116522432871e-10
7.812495191478174492e-03 7.798890136877302190e-03 7.691108579801628903e-03 7.612978523696440659e-03 1.847362187107193905e-04 5.246128177460173016e-05 8.083025313906805364e-05 1.602479072358566970e-05 6.697259205574719801e-08 1.067153707955104396e-07 4.125857268556803920e-10 7.896799886884438898e-11 2.363574590557184324e-10 3.148816115576184600e-10
7.812494209262689331e-03 7.798902912181104874e-03 7.692046695190407103e-03 7.614435789081154711e-03 1.837231832400039021e-04 5.210306570138743126e-05 8.022481955747670277e-05 1.564124150228459910e-05 4.975319410651366307e-08 7.672497387189131464e-08 4.504655485283427317e-10 1.155698580023421394e-10 2.653841096624632381e-10 3.868797572057066817e-10
7.812493835624280056e-03 7.798892581226705631e-03 7.692751386144665131e-03 7.616140382642293261e-03 1.822553949568388090e-04 5.193429077122628464e-05 7.988616459751805669e-05 1.526684527698859037e-05 3.185575717481008672e-08 4.549367617968496986e-08 4.606719158093769177e-10 1.464754985676536971e-10 2.649427107890433911e-10 4.064172042982291055e-10
7.812494336769309176e-03 7.798865178331028207e-03 7.693117543894128704e-03 7.617902872842850261e-03 1.804297088134680063e-04 5.198658932986890182e-05 7.987538711631726339e-05 1.498056223894450760e-05 2.039966927492172298e-08 2.566469926297114105e-08 4.488391093700381037e-10 1.557863560991255012e-10 2.283618126755301136e-10 3.589492508902283757e-10
7.812495667202429619e-03 7.798829208032164589e-03 7.693076841427316792e-03 7.619558406663717691e-03 1.783654269080208333e-04 5.227079163933337020e-05 8.022374304124525290e-05 1.483417864610677023e-05 1.961905176815064978e-08 2.454220400170931365e-08 4.405630804858405480e-10 1.378058093323674946e-10 1.601679817289685978e-10 2.550350431339802988e-10
7.812497404446060688e-03 7.798794245518473126e-03 7.692625623774395661e-03 7.621002902289070700e-03 1.761899548386898484e-04 5.276581166703425040e-05 8.091338284618832086e-05 1.484316791039055449e-05 2.763328527469336204e-08 3.854975541777838367e-08 4.628056473241414798e-10 1.043748912967997676e-10 7.952449663045860438e-11 1.302372337038615345e-10
7.812498874719989335e-03 7.798768004678739360e-03 7.691838785873008483e-03 7.622203234739390390e-03 1.740249355750886188e-04 5.341546141099714074e-05 8.186758609200630134e-05 1.498962735346893780e-05 3.730550806763962940e-08 5.504929423559729740e-08 5.231958151617128610e-10 7.329245583270733099e-11 1.847205467590261208e-11 3.714395227475143381e-11
7.812499439781775759e-03 7.798754162371905607e-03 7.690860606536137171e-03 7.623178909149347371e-03 1.719756978688943112e-04 5.413591698541932835e-05 8.295734445712541936e-05 1.523456881920001781e-05 4.114116086058468262e-08 6.108488878735673460e-08 6.066223452805314009e-10 5.609029685835894970e-11 8.435078365674222301e-12 2.547171023570483960e-11
7.812498823615712275e-03 7.798754700576394396e-03 7.689874129782356058e-03 7.623968298965149576e-03 1.701243403902793171e-04 5.483041344952691568e-05 8.402347681524760948e-05 1.553510253764096838e-05 3.667026312160789614e-08 5.271348436758052779e-08 6.804034399830206374e-10 5.776288645711805722e-11 6.059108115483927134e-11 1.118016013312486036e-10
7.812497269217222144e-03 7.798774931487766765e-03 7.689056258791756790e-03 7.624598841383720300e-03 1.685290122045646688e-04 5.540742537561802340e-05 8.491050480565405002e-05 1.585849860709954035e-05 2.804262586996078707e-08 3.756010225638999058e-08 7.089812956443263880e-10 7.615852090697220947e-11 1.566062736269300121e-10 2.641597818394248939e-10
7.812495459242552870e-03 7.798824975949185390e-03 7.688533537389631058e-03 7.625075867288581485e-03 1.672306821966668697e-04 5.579808591415853558e-05 8.550247765355036152e-05 1.618583963292346908e-05 2.257867712549994791e-08 2.855559652552810048e-08 6.758944210058554220e-10 9.717470384643284674e-11 2.571948936930315819e-10 4.182526009491413936e-10
7.812494191257245840e-03 7.798913100223311620e-03 7.688354425615048088e-03 7.625390373813875806e-03 1.662653536669575038e-04 5.596923440605562709e-05 8.574871627026585679e-05 1.650316406111419253e-05 2.523767112496356985e-08 3.416463460573244224e-08 5.962870749137485476e-10 1.026185498434251467e-10 3.219320971372829873e-10 5.113848797461195246e-10
7.812493997114170960e-03 7.799034469125919362e-03 7.688487009061126774e-03 7.625532992687414011e-03 1.656751801142739748e-04 5.592879054639552115e-05 8.567035841710167357e-05 1.678675294411163929e-05 3.551068767030426318e-08 5.305243297589958984e-08 4.998785775271775939e-10 8.761793812112898364e-11 3.276206605530050796e-10 5.067883261036518233e-10
7.812494871381674838e-03 7.799165291384653649e-03 7.688842767531452876e-03 7.625501390298144305e-03 1.655093663942394557e-04 5.571966119242000823e-05 8.534368757700375500e-05 1.699573118562540223e-05 4.885713140827245219e-08 7.684326447610929201e-08 4.056273981435549558e-10 6.370016245811624979e-11 2.796649748687059411e-10 4.084513124780088094e-10
7.812496275962203113e-03 7.799270248618537724e-03 7.689315288048473480e-03 7.625296147171496501e-03 1.658116446816690532e-04 5.540221715197314308e-05 8.486654865722518572e-05 1.708220398481278884e-05 6.080345982657607188e-08 9.751251461010401964e-08 3.194266776562750847e-10 4.134028616394186582e-11 2.106227240490352288e-10 2.665216481630215264e-10
7.812497439677970959e-03 7.799320694674218533e-03 7.689821225112081216e-03 7.624913819483684560e-03 1.665982390619140971e-04 5.502953327227238053e-05 8.431895033302595180e-05 1.701701947564380126e-05 6.981221904430349289e-08 1.124611748294390534e-07 2.601211477079686857e-10 2.264656103147416673e-11 1.616002446500952295e-10 1.560448024246995531e-10
7.812497784367874315e-03 7.799310539419501524e-03 7.690326094256919910e-03 7.624346675579166122e-03 1.678408679519062215e-04 5.462757766945525693e-05 8.373624377660728458e-05 1.681346066371208468e-05 7.665365492776948900e-08 1.233200965651856450e-07 2.747652352859559183e-10 1.317715964110098434e-11 1.582754082626464726e-10 1.325647315846129252e-10
7.812497239122142938e-03 7.799258966807442149e-03 7.690849305074387229e-03 7.623593660727073437e-03 1.694635371581498155e-04 5.418915673587385826e-05 8.310366120217480630e-05 1.653108352486358477e-05 8.151469036401166740e-08 1.307769584165675876e-07 4.090784286257930959e-10 2.222325053222217224e-11 1.971648538602308442e-10 2.000525406417875842e-10
7.812496261823708918e-03 7.799198309449679664e-03 7.691445357890729084e-03 7.622673766884697187e-03 1.713566706915728942e-04 5.368631315709703589e-05 8.237567473038462514e-05 1.625248583355581582e-05 8.219020420992433996e-08 1.313579902614156434e-07 6.355022894698217851e-10 4.526290588193436361e-11 2.504030755825951773e-10 3.141898683242102140e-10
7.812495562007058976e-03 7.799157089403199392e-03 7.692168966349281940e-03 7.621629619975991109e-03 1.733999815591280287e-04 5.309442653588670590e-05 8.151041008312296038e-05 1.604653780119186040e-05 7.551650823500132630e-08 1.198557014180793811e-07 8.363089654246884033e-10 6.195788363411858120e-11 2.816782727779717811e-10 4.052780769788505588e-10
7.812495669159413673e-03 7.799149640318715597e-03 7.693037857507054739e-03 7.620515492421530215e-03 1.754819717535092667e-04 5.241485085492915961e-05 8.050304171018459365e-05 1.594293083439901531e-05 6.098538092029399337e-08 9.543513687326579348e-08 8.977973475442412006e-10 5.934295123272424365e-11 2.670361705101776422e-10 4.139611910841189502e-10
7.812496627822997954e-03 7.799175970694471188e-03 7.694009174060946997e-03 7.619377893794896696e-03 1.775079954271289149e-04 5.168433911181871248e-05 7.940325430118601031e-05 1.593426733661367552e-05 4.308661159129704341e-08 6.552282862419842645e-08 8.113641402891390337e-10 4.508930746991091144e-11 2.081097814304759468e-10 3.292008492224608458e-10
7.812497986507883907e-03 7.799226374916793172e-03 7.694978122080991904e-03 7.618241566754191743e-03 1.793986258085404791e-04 5.096912350800293726e-05 7.831194578765632514e-05 1.600182847205933528e-05 2.974968754395411758e-08 4.322405716690584256e-08 6.592689775720588919e-10 3.393654220576643313e-11 1.287883415279097889e-10 1.967918088000938949e-10
7.812499069267047486e-03 7.799284995955664372e-03 7.695800186956560512e-03 7.617112269016458950e-03 1.810843516063546845e-04 5.034905099227262828e-05 7.736025181868282693e-05 1.614224890623789128e-05 2.733530805837667875e-08 3.913044028652308383e-08 5.295344995016014689e-10 3.575615434512191494e-11 5.943592845958795133e-11 8.524166177682595750e-11
7.812499339791503621e-03 7.799332913668324992e-03 7.696329645951328902e-03 7.615996128589335237e-03 1.825007462809210841e-04 4.989908547578040919e-05 7.667865134260197849e-05 1.637324051270724434e-05 3.583762830139285833e-08 5.342638166617837379e-08 4.622216638463899870e-10 5.561197413350886176e-11 2.370092885050359245e-11 4.390012771414784289e-11
7.812498686978300820e-03 7.799353712239120301e-03 7.696460586110676939e-03 7.614924106427822630e-03 1.835863975602609844e-04 4.967405465664171299e-05 7.636597572717627948e-05 1.671215240106992540e-05 4.839237137484653285e-08 7.484439747866796924e-08 4.588940830317634927e-10 9.021319274765240407e-11 3.144392092710611584e-11 8.579988336657083413e-11
7.812497466413113704e-03 7.799341834037539986e-03 7.696157408208530691e-03 7.613967359070997892e-03 1.842823527722438663e-04 4.969819830825154491e-05 7.646585425140394257e-05 1.714427229986882785e-05 5.590875112082025476e-08 8.800845068863584804e-08 5.012841075492292366e-10 1.243667101582082507e-10 7.285493873841400614e-11 1.835175918852762360e-10
7.812496297584164279e-03 7.799307604367521421e-03 7.695464031170530517e-03 7.613233565054140263e-03 1.845347876460444209e-04 4.996131142222583492e-05 7.695787457296945314e-05 1.760581842731806182e-05 5.331272521016469390e-08 8.384568854251623991e-08 5.524376221967261336e-10 1.427172040717520383e-10 1.207444281162793749e-10 2.779965619310947069e-10
7.812495718252540806e-03 7.799272831203308762e-03 7.694487400755832020e-03 7.612842493555559142e-03 1.843040520402249559e-04 5.042380328572046070e-05 7.776777791462211216e-05 1.799705541429910625e-05 4.238746728434690331e-08 6.488962511539756871e-08 5.694080044647483893e-10 1.427344435420874575e-10 1.473950045084653257e-10 3.145421180441357999e-10
7.812495906657776663e-03 7.799258770885371915e-03 7.693363899171796853e-03 7.612891213715014538e-03 1.835779540236115014e-04 5.102917623498437179e-05 7.879155925054355102e-05 1.821883616277990606e-05 2.938250112335440954e-08 4.186791546780759231e-08 5.357246928856313467e-10 1.279166075829837598e-10 1.428583359016028666e-10 2.810986765350848131e-10
7.812496631611008657e-03 7.799274264674288699e-03 7.692219938233459814e-03 7.613419457100382461e-03 1.823853583829614328e-04 5.172049057986066294e-05 7.992513022204520150e-05 1.821212205307014612e-05 2.008256784553037650e-08 2.534151225912884836e-08 4.799661267645858886e-10 9.909278775264525796e-11 1.159531203913634097e-10 2.058146754431365277e-10
7.812497444061976271e-03 7.799312270031352398e-03 7.691143156254812152e-03 7.614389611796026219e-03 1.808003076417599166e-04 5.245290695519126559e-05 8.108641289686166910e-05 1.798022150181175253e-05 1.680265497799957074e-08 1.988854313939365799e-08 4.401783078838652423e-10 6.404958954347596679e-11 8.437909968779265353e-11 1.281658984176929208e-10
7.812497953788400534e-03 7.799355685852895313e-03 7.690173493722909578e-03 7.615689409306541924e-03 1.789322382294930992e-04 5.319702213289729349e-05 8.222251770464710939e-05 1.758718440315116849e-05 1.904018499882378871e-08 2.454962237741298654e-08 4.135133452181153403e-10 4.138736535460531324e-11 6.581991814499609190e-11 8.017433123428165919e-11
7.812498022644456808e-03 7.799387096888097011e-03 7.689313901717014128e-03 7.617157846460533878e-03 1.769058342231956914e-04 5.393320510881640599e-05 8.330289892390480521e-05 1.713774749487883899e-05 2.572646009609788561e-08 3.675503135904370110e-08 3.775632553879660196e-10 4.253394329025225718e-11 6.991264549788029758e-11 7.705007954501728102e-11
7.812497773119948113e-03 7.799396283089142512e-03 7.688552544464750602e-03 7.618626098085290628e-03 1.748403074938724596e-04 5.464200979307168429e-05 8.430544874239332830e-05 1.674790567491767489e-05 3.606369393741629532e-08 5.444627603015073855e-08 3.498270212299131206e-10 5.870318897169525009e-11 9.241381978131932342e-11 1.086101925387363946e-10
7.812497486579896011e-03 7.799382807667188007e-03 7.687885259343326533e-03 7.619958215851688546e-03 1.728374756733611181e-04 5.529687798473123051e-05 8.520372750213424926e-05 1.651396825831575232e-05 4.831144226358541368e-08 7.455471713485563975e-08 3.785815956608440226e-10 7.437356507330188353e-11 1.197753936842310803e-10 1.480757794650723155e-10
7.812497426834754018e-03 7.799354201690124333e-03 7.687329268796662569e-03 7.621076063132499294e-03 1.709812701796658120e-04 5.586266137410813681e-05 8.596063601462007673e-05 1.648744688433931391e-05 5.860052257904766047e-08 9.093221502119073505e-08 4.744247627647883411e-10 8.410572607843812116e-11 1.403425795587364374e-10 1.746261476894430732e-10
7.812497697365169795e-03 7.799321763268859259e-03 7.686924066710541965e-03 7.621959813491827919e-03 1.693438213853446091e-04 5.629944074424167167e-05 8.652977591249108873e-05 1.666424621596984180e-05 6.201670629902897871e-08 9.578583154993423910e-08 5.787954910435349508e-10 8.855642295171052600e-11 1.482389151685755546e-10 1.796204122872104998e-10
7.812498214815953405e-03 7.799295542175498433e-03 7.686720655316025587e-03 7.622627025258396812e-03 1.679905457587375147e-04 5.656912282500332830e-05 8.686296639461187270e-05 1.699379555789193809e-05 5.581868456461043452e-08 8.483272827247972130e-08 6.109565824992002755e-10 8.506471091471623160e-11 1.409179221681057887e-10 1.585068452732475461e-10
7.812498782960907232e-03 7.799279979195279655e-03 7.686764125713525971e-03 7.623102926130066390e-03 1.669800039733243860e-04 5.664257935044393193e-05 8.692116243141445944e-05 1.740496762171426517e-05 4.224935047349423231e-08 6.198949133070182704e-08 5.477968394268589574e-10 7.117280586602911960e-11 1.207650897753206426e-10 1.146730658535852470e-10
7.812499200097616087e-03 7.799272188751005599e-03 7.687076963966986247e-03 7.623397666647033222e-03 1.663596925363791386e-04 5.650597130147971191e-05 8.668529422094254581e-05 1.783494910102593640e-05 2.823732868684063896e-08 3.888046988826600359e-08 4.453694060231444251e-10 5.173864874234180433e-11 9.676451854164229282e-11 6.621493947558743947e-11
7.812499350701013028e-03 7.799264572812713257e-03 7.687649093076470534e-03 7.623500222342424922e-03 1.661620355522301314e-04 5.616529645818086144e-05 8.616398964170507316e-05 1.824456523439764097e-05 2.160926050086810666e-08 2.848514720730600054e-08 3.756929099398949985e-10 3.556517781216393129e-11 7.797862306284870322e-11 3.274221763537084604e-11
7.812499246623003796e-03 7.799251214007138500e-03 7.688437910049401511e-03 7.623389224183538433e-03 1.664029082627425059e-04 5.564735695010934020e-05 8.539535068572091860e-05 1.861258130414353423e-05 2.628906996924651720e-08 3.718336335497960613e-08 3.601835437608365661e-10 2.756572280905026810e-11 6.602384826957152489e-11 1.813718474827588417e-11
7.812499001173210493e-03 7.799234001394550649e-03 7.689376916025652403e-03 7.623051216453132807e-03 1.670817610742333340e-04 5.499590840164714169e-05 8.444180037290934687e-05 1.891770926985837621e-05 3.995352882640603075e-08 6.096604210755179500e-08 3.699606445716028105e-10 2.797986756226068370e-11 5.711908909795972004e-11 1.417190294612543705e-11
7.812498756225591014e-03 7.799223698053137088e-03 7.690388009005670600e-03 7.622493636436088009e-03 1.681810139086399949e-04 5.426410116226695261e-05 8.337995497909684792e-05 1.912612615225048684e-05 5.569895488501464566e-08 8.820529123635822906e-08 3.683231123641202665e-10 3.436267222748161808e-11 4.913858258228468026e-11 1.378100838563929189e-11
7.812498610004268637e-03 7.799234652450805563e-03 7.691392276625141217e-03 7.621745111774306906e-03 1.696633615443904190e-04 5.350658311163482972e-05 8.228963712333074850e-05 1.919646181049304527e-05 6.615333541130671315e-08 1.063554206112171649e-07 3.420753906744409993e-10 4.139271373695280566e-11 4.303459507110395629e-11 1.432993844504342284e-11
7.812498583778482338e-03 7.799276645537325803e-03 7.692315567853169785e-03 7.620844420597384060e-03 1.714684071287566572e-04 5.277498922050260377e-05 8.124679139492645347e-05 1.909897131723910940e-05 6.701904725744487578e-08 1.078451291821937714e-07 3.086560600235815466e-10 4.412736449688101944e-11 3.912633146622391844e-11 1.477008143430801021e-11
7.812498635492696845e-03 7.799348864025795573e-03 7.693088488052854043e-03 7.619826137965682832e-03 1.735113785566829076e-04 5.211781247443870915e-05 8.032220494024026891e-05 1.883496188356490066e-05 5.832570732940075510e-08 9.246824316867188028e-08 3.006890696344451225e-10 4.332697012339207275e-11 3.541927108708573459e-11 1.452515548865344611e-11
7.812498715534357645e-03 7.799438717843427613e-03 7.693643988614622467e-03 7.618711482437994301e-03 1.756860334806231250e-04 5.158217805100989825e-05 7.958350728695721922e-05 1.844418978803203242e-05 4.379958444347695875e-08 6.667358181867181665e-08 3.340527132024390213e-10 4.360169262580178407e-11 2.995413002776241422e-11 1.333450740396504666e-11
7.812498793357767687e-03 7.799525402980267939e-03 7.693917779360169920e-03 7.617508887703607068e-03 1.778718307399442748e-04 5.121347494334897125e-05 7.909509522718185365e-05 1.799746004184862055e-05 2.942385021934286873e-08 4.112121500036597164e-08 3.936302269888069770e-10 4.675958640494972178e-11 2.343262105106860686e-11 1.207965194079162958e-11
7.812498852007730178e-03 7.799586695126551651e-03 7.693855541938796234e-03 7.616223443079839402e-03 1.799435581955341826e-04 5.105055386937249953e-05 7.891199679425171722e-05 1.758023447843932779e-05 2.144472091131703167e-08 2.691800270031254433e-08 4.506373091970129393e-10 5.034631853954224173e-11 1.876916952676567014e-11 1.353896086183136179e-11
7.812498866348925944e-03 7.799606817272331134e-03 7.693426737092681766e-03 7.614870683015032699e-03 1.817813456871525141e-04 5.111756446626234519e-05 7.906808638295514675e-05 1.727461269606093392e-05 2.372159426904159460e-08 3.077285930416160868e-08 4.815935225296396542e-10 5.212806801131267847e-11 1.869939053729640195e-11 2.022913301131898559e-11
7.812498799556004056e-03 7.799582162688687391e-03 7.692639888011800625e-03 7.613488956159230638e-03 1.832799779198074743e-04 5.141599762673614618e-05 7.956340486249946617e-05 1.714368627909917036e-05 3.535653312064163569e-08 5.094806762880915462e-08 4.806100888716760608e-10 5.360974800729745795e-11 2.454867255527631987e-11 3.282480642288341376e-11
7.812498613345981828e-03 7.799521787460426958e-03 7.691551387861164657e-03 7.612145225271337891e-03 1.843571994738957720e-04 5.192094054056065413e-05 8.035726386502334024e-05 1.721894784306964688e-05 5.055550989947704366e-08 7.720589528926581416e-08 4.697032875404393659e-10 5.751706587516398759e-11 3.642375331667550925e-11 5.200444917489661064e-11
7.812498326704555955e-03 7.799442470248622340e-03 7.690261088106852862e-03 7.610931449826401421e-03 1.849599675452599508e-04 5.258400797825557859e-05 8.137230154563857660e-05 1.749163382876940307e-05 6.165950427676680944e-08 9.613575908868476713e-08 4.811509179602073528e-10 6.327255677570925417e-11 5.230337139342113281e-11 7.598361581541206038e-11
7.812498050471971406e-03 7.799362048532521539e-03 7.688893433485610718e-03 7.609952367462842829e-03 1.850667779608858765e-04 5.334268015130358312e-05 8.251006211387054636e-05 1.791112519018936991e-05 6.356955274195621614e-08 9.884004955380022198e-08 5.119382261478271940e-10 6.651614369765666221e-11 6.666953938308497066e-11 9.380560292736731108e-11
7.812497925110317189e-03 7.799295738004798258e-03 7.687570493845319146e-03 7.609309042312408650e-03 1.846847211738819605e-04 5.413295004772363347e-05 8.367272323627079325e-05 1.839369684816514111e-05 5.626433444541711997e-08 8.540007376458535140e-08 5.132175535008437880e-10 6.210784390877018756e-11 7.366459494539831557e-11 9.099668972463626380e-11
7.812497993550480448e-03 7.799256837240640602e-03 7.686387645642218762e-03 7.609083055503201853e-03 1.838428226654394116e-04 5.490089191320903292e-05 8.478227745911922687e-05 1.884071079337451600e-05 4.373864931840537196e-08 6.310954593927881018e-08 4.447401548933136820e-10 4.880703099238141055e-11 7.379909609059151666e-11 6.697171310799340751e-11
7.812498156250211739e-03 7.799258413459373394e-03 7.685401538457935049e-03 7.609324304532372185e-03 1.825853885501837277e-04 5.560920080511936106e-05 8.578953067062620433e-05 1.916094800337665222e-05 3.089592808473701497e-08 4.089916285180729463e-08 3.283585431126622933e-10 3.109578676163087074e-11 7.524512720059905011e-11 3.848038837290287223e-11
7.812498247716836812e-03 7.799311607213848391e-03 7.684633193500904277e-03 7.610042771153215958e-03 1.809688404574003636e-04 5.623704408222013037e-05 8.667084160318554739e-05 1.929055689649553876e-05 2.127553475779725045e-08 2.502345080621388986e-08 2.406112542665293518e-10 1.667886568932712316e-11 8.752690183421455091e-11 2.405879168179876878e-11
7.812498137495168214e-03 7.799419986200018494e-03 7.684081525342130632e-03 7.611204182102111054e-03 1.790629688378094181e-04 5.677408192538800494e-05 8.741647693952252121e-05 1.920661057373824869e-05 1.684507456012866057e-08 1.853600064331167802e-08 2.492943717208907948e-10 1.297677499014804899e-11 1.158671249996977277e-10 3.494415122999993743e-11
7.812497811988505791e-03 7.799573944854767960e-03 7.683739261212543109e-03 7.612731228992504831e-03 1.769542584330835271e-04 5.721153132708681834e-05 8.801716107970324044e-05 1.893247850228835092e-05 1.869614469921819083e-08 2.274273954095868703e-08 3.489313260790681852e-10 2.475105235783647666e-11 1.589949102180865715e-10 7.623266873832915589e-11
7.812497388566808781e-03 7.799750164434943352e-03 7.683604793623119607e-03 7.614512388246790983e-03 1.747476561373988342e-04 5.753421365762590182e-05 8.845438752020627637e-05 1.853345015954498929e-05 2.693819010530409265e-08 3.740480604136200265e-08 4.766002265981067992e-10 5.449365305569759854e-11 2.068962255727947242e-10 1.403911641341259332e-10
7.812497072423310249e-03 7.799917645939809414e-03 7.683687310437651956e-03 7.616418263160608555e-03 1.725637103126988041e-04 5.771735704982940303e-05 8.869735784741018651e-05 1.810107414121750653e-05 3.964068429012732247e-08 5.904706268948771669e-08 5.851779870307977406e-10 9.813372369210558425e-11 2.429111455467940176e-10 2.033876624844074253e-10
7.812497056189405403e-03 7.800047440418459571e-03 7.684004809489838363e-03 7.618320990054269944e-03 1.705297738360941548e-04 5.773050254158303862e-05 8.870748827743781310e-05 1.772793060334525007e-05 5.232173049920243780e-08 7.996974280790309350e-08 6.631535631438052468e-10 1.387253011347471179e-10 2.537625822341631625e-10 2.408341744384138698e-10
7.812497407923312161e-03 7.800121250074734496e-03 7.684575246100783762e-03 7.620109478915014327e-03 1.687661821698891894e-04 5.754789881806555166e-05 8.844988557045330570e-05 1.748078034843295143e-05 5.940332897587537829e-08 9.071921251165796243e-08 7.019835208142912307e-10 1.546947588961512725e-10 2.367984162392393117e-10 2.439003058426319012e-10
7.812498017747481621e-03 7.800135593862273301e-03 7.685401809903570115e-03 7.621694625207828255e-03 1.673705074824083285e-04 5.716176195144543026e-05 8.790933912991158656e-05 1.738390314123486950e-05 5.730644308663769566e-08 8.553342264913104236e-08 6.893528147957606598e-10 1.382125652907211899e-10 1.966635871828594724e-10 2.139955709161557001e-10
7.812498673106575871e-03 7.800101189698945177e-03 7.686456231164135074e-03 7.623004287896200000e-03 1.664047458252246195e-04 5.659276920262318962e-05 8.710557312891790071e-05 1.742125133693674479e-05 4.709159334011714812e-08 6.685671140163954315e-08 6.305207685998202387e-10 1.024746316609100980e-10 1.406698795189024750e-10 1.552637245072126176e-10
7.812499165928439918e-03 7.800038902773776331e-03 7.687667197751909924e-03 7.623973998703894792e-03 1.658905702940466863e-04 5.589270657105466878e-05 8.610107180354129724e-05 1.755595900592541608e-05 3.445045513075038494e-08 4.494404530788196403e-08 5.522140484238481304e-10 6.855388123444516082e-11 8.071375236427832767e-11 8.272716257722701188e-11
7.812499347337719877e-03 7.799973686381331088e-03 7.688921040888462358e-03 7.624541717713716020e-03 1.658151931367516112e-04 5.513728814773128598e-05 8.499672479247332357e-05 1.775537400812513136e-05 2.664461485028987239e-08 3.216241188581068044e-08 4.823835281743646714e-10 5.073484399677760182e-11 3.336208029544729860e-11 2.504863070745299230e-11
7.812499142923907611e-03 7.799927374649722606e-03 7.690077704756877880e-03 7.624652423687406332e-03 1.661456567159762525e-04 5.441136753812589479e-05 8.391535160055434768e-05 1.800625104319249358e-05 2.825136196900342378e-08 3.570754872033837735e-08 4.358016669464229394e-10 5.668681409789723540e-11 1.131055974743782510e-11 6.382726003075112508e-12
7.812498604184944448e-03 7.799911770479264241e-03 7.690998147621475912e-03 7.624271917325116214e-03 1.668450665634433889e-04 5.379200531459736378e-05 8.297828459639524181e-05 1.831115242639346895e-05 3.852935211289394764e-08 5.364385509240421113e-08 4.184738435526453955e-10 8.659250176500286541e-11 1.543816653878822300e-11 2.904017109377100936e-11
7.812497935308113789e-03 7.799924720246186223e-03 7.691573793977259967e-03 7.623403345395955710e-03 1.678828090569854724e-04 5.333529489881611100e-05 8.228273917899186921e-05 1.866954054036294158e-05 5.210297741001210430e-08 7.663279570685823860e-08 4.327411197543318270e-10 1.271784003156693902e-10 3.630253875034466311e-11 7.554487003082281615e-11
7.812497411721315739e-03 7.799951860729190459e-03 7.691747174834180634e-03 7.622096908543641441e-03 1.692339380648140294e-04 5.307063596353544664e-05 8.188700014002549374e-05 1.905776270108721390e-05 6.233334427309211439e-08 9.368359454952547887e-08 4.697297302152071943e-10 1.583009499651921925e-10 6.096176250138413970e-11 1.215724102169908087e-10
7.812497224113998037e-03 7.799974008657405838e-03 7.691516835676156551e-03 7.620445991188921735e-03 1.708690796695484446e-04 5.300260654715272581e-05 8.180702072786651038e-05 1.942295013335080934e-05 6.498662039444342709e-08 9.790701555450841755e-08 4.973106521664672043e-10 1.689794577444565907e-10 7.816448624328340464e-11 1.467159614255435570e-10
7.812497387930153990e-03 7.799976450904961937e-03 7.690926306224491783e-03 7.618569948272814821e-03 1.727412379038430472e-04 5.311815712709943991e-05 8.202400817961655647e-05 1.969629578015528754e-05 5.990013929317356305e-08 8.898689153491201622e-08 4.748295616006355419e-10 1.608189488718381619e-10 8.146534023518240435e-11 1.416272139581417018e-10
7.812497768074056458e-03 7.799955154563982182e-03 7.690043481784837424e-03 7.616590570058508550e-03 1.747773217368569750e-04 5.339568330568770702e-05 8.249870715681019569e-05 1.981835743476299989e-05 5.005166728581649810e-08 7.179333424532430656e-08 4.002552255084716956e-10 1.366626713354309088e-10 7.175498973356554736e-11 1.119358061202015301e-10
7.812498188387372727e-03 7.799917525544633815e-03 7.688940171477422550e-03 7.614612068848745918e-03 1.768786219311579099e-04 5.381237459520785875e-05 8.318569810798301270e-05 1.976217094849846485e-05 3.930842935206239359e-08 5.300953013970697257e-08 3.257932894690902469e-10 9.885422276392468370e-11 5.675032229695008146e-11 7.426674643484378284e-11
7.812498528687200974e-03 7.799879104165659618e-03 7.687679818182472508e-03 7.612711766002382488e-03 1.789291561223020784e-04 5.434712767804458268e-05 8.404181783476843070e-05 1.954304459986635760e-05 3.069775538348234082e-08 3.824702918998262541e-08 3.084251818851439676e-10 5.830631614331217820e-11 4.614049355166120228e-11 4.488774360916742543e-11
7.812498750186817366e-03 7.799858853787328822e-03 7.686316168164193836e-03 7.610943135729274396e-03 1.808076545840069040e-04 5.497836265332834159e-05 8.502656158474315414e-05 1.921293169391741204e-05 2.603618339503370478e-08 3.089590187284191449e-08 3.556531868244653130e-10 2.949841412252785086e-11 4.645345119877675540e-11 3.065258801496027871e-11
7.812498871359202859e-03 7.799874206753393095e-03 7.684899830191397642e-03 7.609347133570880731e-03 1.823993803338011554e-04 5.567903398922974538e-05 8.609712661536004141e-05 1.884522554563871136e-05 2.628224921808248919e-08 3.221518583866131402e-08 4.218054958421508294e-10 1.579876513572344683e-11 5.923994727712247100e-11 2.964482935460438924e-11
7.812498932528798290e-03 7.799935604082274682e-03 7.683486823896612181e-03 7.607965018364644394e-03 1.836063489408971223e-04 5.641284212783061208e-05 8.720315933010577510e-05 1.851752345981122190e-05 3.152026811073565435e-08 4.147924406856438761e-08 4.496681126683856700e-10 9.708052058955872769e-12 8.121126917499411591e-11 3.629346649041346707e-11
7.812498966890219984e-03 7.800041232609045486e-03 7.682143571128292013e-03 7.606846282870390746e-03 1.843559594808293750e-04 5.713491262393130646e-05 8.828541250772715390e-05 1.829677681687623151e-05 4.037190525502129026e-08 5.574935001015446012e-08 4.223624363551965378e-10 6.278980774953966684e-12 1.053080121755557585e-10 4.365130534281229632e-11
7.812498978500883803e-03 7.800174624827008706e-03 7.680945756551147904e-03 7.606048277611775384e-03 1.846075493158532918e-04 5.779728347475261219e-05 8.927930316757165085e-05 1.822771549379630093e-05 4.974188755383664505e-08 7.001098652711502816e-08 3.747014420398509265e-10 7.001692533937853399e-12 1.247243054439005890e-10 4.602950278557867361e-11
7.812498966429814833e-03 7.800307663453708885e-03 7.679971722890145160e-03 7.605628351372629471e-03 1.843551920068161871e-04 5.835656640600575805e-05 9.012154214030816430e-05 1.832488081030585951e-05 5.577219018885673478e-08 7.857902860838631200e-08 3.472829481660404659e-10 1.136786092352100159e-11 1.375188368743805535e-10 4.333702348616037640e-11
7.812498944861002124e-03 7.800408723061070214e-03 7.679292856577949085e-03 7.605632662504609523e-03 1.836254472609980719e-04 5.878008206473089544e-05 9.075723455335815281e-05 1.856998459372281090e-05 5.571142993307441786e-08 7.756673516191815702e-08 3.463705957887308047e-10 1.480247040588512617e-11 1.452840005559968902e-10 3.979982979587890818e-11
7.812498931010575243e-03 7.800452549523725389e-03 7.678963501951818239e-03 7.606086595690522700e-03 1.824704483687453768e-04 5.904823460387978109e-05 9.114582066824273578e-05 1.891663912606700128e-05 4.944373195091652835e-08 6.702640323420962614e-08 3.546895545670202961e-10 1.534969965591715908e-11 1.477582176395702726e-10 3.771123465149857189e-11
7.812498922615116435e-03 7.800427440419122581e-03 7.679013039838706277e-03 7.606989926710898756e-03 1.809594746365506435e-04 5.915309224331615618e-05 9.126478679015750624e-05 1.930159161270483015e-05 3.963161510278219405e-08 5.128195747490770135e-08 3.545080888613680716e-10 1.550872252562969611e-11 1.418900459917759391e-10 3.574781823479106794e-11
7.812498910124096065e-03 7.800337187046332485e-03 7.679442408512022686e-03 7.608316958990648561e-03 1.791724156879873802e-04 5.909492576357760043e-05 9.111043539237363026e-05 1.965840859609582479e-05 3.046380250403798366e-08 3.710496088704427655e-08 3.364495851059229832e-10 1.764272304232012553e-11 1.264320286290225991e-10 3.281250931778667599e-11
7.812498892304929783e-03 7.800198266647361683e-03 7.680226134976329659e-03 7.610019316368437509e-03 1.771965285016167263e-04 5.887900580149669680e-05 9.069560060335403614e-05 1.992899941912967547e-05 2.580461429519637980e-08 3.072108492953652512e-08 3.124503065312041706e-10 2.149628314177543522e-11 1.045586577292449667e-10 3.076317819438267943e-11
7.812498884580437730e-03 7.800034793848058430e-03 7.681318645676974907e-03 7.612028374049022508e-03 1.751252839003032376e-04 5.851413795240629611e-05 9.004533526667322495e-05 2.007101939872144088e-05 2.763786381033933280e-08 3.518722341380717746e-08 3.182370219000187094e-10 2.560799279716827705e-11 8.116412039566269898e-11 3.375130206441422979e-11
7.812498907258892331e-03 7.799873464722985490e-03 7.682660761832336808e-03 7.614255887423084131e-03 1.730567925433830175e-04 5.801350119562728600e-05 8.919331637089513700e-05 2.006202889885561757e-05 3.535824680221117682e-08 4.925208404825856749e-08 3.792617299594204265e-10 2.875119900545892831e-11 5.982145910072821512e-11 4.468525751459032413e-11
7.812498962533703968e-03 7.799739150850100618e-03 7.684182819044692650e-03 7.616593758533993057e-03 1.710906530530585873e-04 5.739702263367231353e-05 8.818108205365594496e-05 1.990177087947092206e-05 4.605468311982826808e-08 6.792029259715824352e-08 4.758442460071317608e-10 3.120204451241770035e-11 4.251366067764048128e-11 6.074356054123174700e-11
7.812499025343078857e-03 7.799650883378260284e-03 7.685803480046811062e-03 7.618915420687692557e-03 1.693234978389494046e-04 5.669420446194582415e-05 8.706051108180687685e-05 1.961225662002889485e-05 5.558487967769706743e-08 8.425398666275048404e-08 5.520457240840295654e-10 3.677916142352927709e-11 3.027493997388916937e-11 7.443703105707972954e-11
7.812499061448378163e-03 7.799618575000230071e-03 7.687427005498979025e-03 7.621080914112256938e-03 1.678441889703843990e-04 5.594604112114835926e-05 8.589732451730265920e-05 1.923418313552511207e-05 6.003660814471964643e-08 9.175186911886245388e-08 5.646784432008497616e-10 5.058280041972278636e-11 2.305700030897683479e-11 8.094140257487946416e-11
7.812499053943760575e-03 7.799641836473217467e-03 7.688944122953032811e-03 7.622945962430126808e-03 1.667287420448940844e-04 5.520418204233505893e-05 8.477128520880366895e-05 1.881996779911438840e-05 5.718068136749122156e-08 8.674445437314750542e-08 5.294704503164711044e-10 7.077997663460983736e-11 1.925346523570545956e-11 8.019328729565280797e-11
7.812499004120728591e-03 7.799711757282010507e-03 7.690240213576248797e-03 7.624373845882767738e-03 1.660349396956879514e-04 5.452602603199150320e-05 8.376970739562782347e-05 1.842577659219854500e-05 4.757220308404259507e-08 7.022080138718863014e-08 5.058841538628032768e-10 8.781916545481945949e-11 1.628880157555951652e-11 7.172326464811614274e-11
7.812498926171767936e-03 7.799814663929753589e-03 7.691210431371900413e-03 7.625248765535285606e-03 1.657970620021488833e-04 5.396611698491464616e-05 8.297453910640653857e-05 1.810550341911372808e-05 3.480449969268656597e-08 4.820788831468242915e-08 5.256831455514591231e-10 9.602330752627585228e-11 1.249345328590329315e-11 5.533204183342086304e-11
7.812498840254923117e-03 7.799935470170727900e-03 7.691776667498358665e-03 7.625489643675954603e-03 1.660224660103903687e-04 5.356677109592305672e-05 8.244792008416925930e-05 1.790692147116785746e-05 2.438247323003861546e-08 2.989813016817629646e-08 5.531314800855840435e-10 1.000269383108260067e-10 8.895107132692293412e-12 3.783776368787017204e-11
7.812498764051321529e-03 7.800058854333034343e-03 7.691899505708723467e-03 7.625062576122072083e-03 1.666921010602658373e-04 5.335190435986873493e-05 8.222269661300762075e-05 1.786761956572498097e-05 2.127373916975469878e-08 2.369559500644497692e-08 5.295446890738126090e-10 1.063249602743325839e-10 8.897773543502624314e-12 2.995940055752319845e-11
7.812498706612322659e-03 7.800168749471795074e-03 7.691581075002661486e-03 7.623989024044567839e-03 1.677652836535246364e-04 5.332645465415605666e-05 8.230135384288494820e-05 1.800824883416466291e-05 2.727867986402598910e-08 3.290011506008550342e-08 4.384219184606996950e-10 1.122279696861993807e-10 1.580938521128405420e-11 3.473234713329376790e-11
7.812498678008937374e-03 7.800248237076429746e-03 7.690859681071236277e-03 7.622345820551166932e-03 1.691871040379150338e-04 5.348065700713357609e-05 8.266176560115281438e-05 1.832374104265625488e-05 3.991105769567772921e-08 5.361935211793471164e-08 3.139231824166547794e-10 1.084192163337687846e-10 3.079391738592279217e-11 4.650724615128447373e-11
7.812498686662358235e-03 7.800281829405558177e-03 7.689800408153086957e-03 7.620254884790450892e-03 1.708951772128740776e-04 5.379620151590129443e-05 8.326532759120918782e-05 1.877670351343505272e-05 5.363890153589987825e-08 7.649207473983279964e-08 2.099283324680206121e-10 9.076710632678828336e-11 5.273177688852240041e-11 5.940269147834007135e-11
7.812498731015363011e-03 7.800260148628001232e-03 7.688485763899604274e-03 7.617864666801857886e-03 1.728228975767378899e-04 5.425100176406028540e-05 8.406366908765375583e-05 1.929856139730595912e-05 6.266200901475325105e-08 9.132863835602795276e-08 1.646316014287741543e-10 6.362401282820622440e-11 7.880848771906989924e-11 6.841967814717429092e-11
7.812498798979193755e-03 7.800184468048158327e-03 7.687007851359898419e-03 7.615329603854421002e-03 1.748985369976767585e-04 5.482079180326570190e-05 8.500276641983921125e-05 1.980127537242056421e-05 6.347288337262115011e-08 9.188018467379978583e-08 1.745829799924585113e-10 3.504602557664059171e-11 1.049457797331688183e-10 6.762480888644619519e-11
7.812498877517609977e-03 7.800067725213986024e-03 7.685462075390738466e-03 7.612794770587426318e-03 1.770421053405796870e-04 5.547763137567138768e-05 8.602480986012363956e-05 2.019710331486512312e-05 5.603691324886468179e-08 7.828462366450394949e-08 2.071685510222994104e-10 1.387601620210202013e-11 1.264965442160995371e-10 5.745646202438411565e-11
7.812498954129796190e-03 7.799930505443643594e-03 7.683942618509857943e-03 7.610389448468294141e-03 1.791630763824610443e-04 5.618676724845832979e-05 8.706837453922848947e-05 2.041935440667086925e-05 4.361090332869494491e-08 5.664920458528819140e-08 2.435830015652796897e-10 8.821705896189955244e-12 1.391922834123914817e-10 4.847190866634445239e-11
7.812499019252750095e-03 7.799794041665926436e-03 7.682540051561819773e-03 7.608228229962443918e-03 1.811611506392062641e-04 5.690407508233652999e-05 8.806790673686168316e-05 2.043663946281885335e-05 3.159502588377519574e-08 3.653157548489896543e-08 2.977393542853049583e-10 2.454210512503095741e-11 1.405964683285934023e-10 5.070757939467712867e-11
7.812499058507298491e-03 7.799674485324922975e-03 7.681340296795694834e-03 7.606414441954758958e-03 1.829306352260183640e-04 5.757626918019957967e-05 8.895432310872131306e-05 2.025693073796424281e-05 2.550200966913656498e-08 2.710914681617163763e-08 3.915643423299256680e-10 5.651325372680708982e-11 1.324072565091409672e-10 6.654952058436889084e-11
7.812499046984108103e-03 7.799581372492801236e-03 7.680422868105567583e-03 7.605040315412384122e-03 1.843680720407947374e-04 5.814502735561525004e-05 8.965842029211899356e-05 1.992232521499674096e-05 2.837704836075896745e-08 3.298980904451280058e-08 5.210572169023983206e-10 9.449314221708821965e-11 1.204957509345363645e-10 9.638804572040191441e-11
7.812498967369510203e-03 7.799519551054561774e-03 7.679856272034993152e-03 7.604181175496696823e-03 1.853822908638981472e-04 5.855447254010143112e-05 9.011746298777426306e-05 1.949795463394878489e-05 3.893345851232805917e-08 5.151743627245328662e-08 6.440938800169414986e-10 1.280821877370366547e-10 1.098238622231254126e-10 1.373812529585326226e-10
7.812498837072254579e-03 7.799491291316274465e-03 7.679689999056713186e-03 7.603884861771828367e-03 1.859052576537603501e-04 5.876011333729980440e-05 9.028381865439576810e-05 1.905880854500580931e-05 5.189980147650209781e-08 7.360485358780935225e-08 7.035747712688472195e-10 1.451107635728193540e-10 9.995492512541894122e-11 1.743223316346320236e-10
7.812498699904329123e-03 7.799496303623411515e-03 7.679945105876098341e-03 7.604160565252147605e-03 1.859011190359351965e-04 5.873671983199843250e-05 9.013338585929240644e-05 1.867762037896208345e-05 6.074913898677098470e-08 8.828695754026329398e-08 6.778929730075478696e-10 1.346424764658032077e-10 8.807751463267526373e-11 1.880045818943796007e-10
7.812498594827204171e-03 7.799530420246806803e-03 7.680607225134299110e-03 7.604972513363537218e-03 1.853707904009018696e-04 5.848287085733910206e-05 8.967122078459438550e-05 1.841548477240360817e-05 6.116570029246909823e-08 8.845786997939121389e-08 6.032392087925631920e-10 9.879542011449388450e-11 7.417475313054194587e-11 1.744154593647291089e-10
7.812498543289398897e-03 7.799585503742777030e-03 7.681625793234030629e-03 7.606242850360170338e-03 1.843508132214234511e-04 5.802096452684188307e-05 8.893220784269634986e-05 1.831497769061456830e-05 5.306878627626990874e-08 7.423036922974443763e-08 5.361934992359983728e-10 5.810276078280514050e-11 5.992262902784853189e-11 1.435456603052542418e-10
7.812498537149048516e-03 7.799652237948767261e-03 7.682921891385850223e-03 7.607864994508176104e-03 1.829076133931618951e-04 5.739244068276219538e-05 8.797527853512685848e-05 1.839392834255128449e-05 4.014130502147750293e-08 5.204849869386191197e-08 5.035265526993939696e-10 3.659187033092281943e-11 4.559977825247725972e-11 1.044335405203190520e-10
7.812498530626819579e-03 7.799724742378950915e-03 7.684403500028451177e-03 7.609724553641518049e-03 1.811295828453099996e-04 5.664944875054122876e-05 8.687205120472225655e-05 1.863857328118518819e-05 2.753448632495473024e-08 3.069363781498290485e-08 4.848223686636765863e-10 4.243750063941840918e-11 3.245327327097715429e-11 6.592863836371652493e-11
7.812498435552340907e-03 7.799803829907228127e-03 7.685982754923319227e-03 7.611720681076088527e-03 1.791192418641244491e-04 5.584546695747047125e-05 8.569364745599607821e-05 1.899846923726973720e-05 1.947413579443773960e-08 1.726724145828001514e-08 4.356264689705334707e-10 7.076166084622415688e-11 2.559676744065127008e-11 4.472963343468437966e-11
7.812498152340661972e-03 7.799895867336434710e-03 7.687587665362358158e-03 7.613778642445707609e-03 1.769864891688552864e-04 5.502797590598674593e-05 8.450094932242775009e-05 1.938978716107149356e-05 1.818861080309778474e-08 1.556306101361957979e-08 3.402578122954069539e-10 1.145384465903480828e-10 3.070353769454505217e-11 5.530906159430554843e-11
7.812497626535758882e-03 7.800007127608405907e-03 7.689163019136927013e-03 7.615847480518514977e-03 1.748430233045762791e-04 5.423541486030462281e-05 8.334208315207367599e-05 1.971273405322078584e-05 2.415540466054450903e-08 2.654678165139455054e-08 2.431865730690596242e-10 1.624291925703854420e-10 4.945148521858779426e-11 9.555619704617398373e-11
7.812496925267914741e-03 7.800137042715606615e-03 7.690660979274649423e-03 7.617884035229616213e-03 1.727978594990606882e-04 5.349876653230085114e-05 8.225727233019867026e-05 1.988098356940260991e-05 3.646128702268852548e-08 4.871722361374930074e-08 2.062236024819259309e-10 1.949188386956746879e-10 7.931407988594536288e-11 1.516569927984360264e-10
7.812496247806830982e-03 7.800274785035533377e-03 7.692027293671554675e-03 7.619831992576517159e-03 1.709537352611773832e-04 5.284632943912534117e-05 8.128777359294848493e-05 1.985118387006560686e-05 5.238018086830878799e-08 7.710112045179623876e-08 2.383113075556872569e-10 1.955686425698799383e-10 1.138285297927442372e-10 2.083231004215522205e-10
7.812495855400329592e-03 7.800401119978871665e-03 7.693191719776729803e-03 7.621607902990126110e-03 1.694040708997690266e-04 5.230878705200211814e-05 8.048339392762342618e-05 1.963635054849248901e-05 6.689358380574489475e-08 1.025530985264689245e-07 2.932478669815836364e-10 1.676875086451768644e-10 1.416099817630788695e-10 2.466989974386766210e-10
7.812495965820059375e-03 7.800493688205681168e-03 7.694069246711029639e-03 7.623102487026582781e-03 1.682296260016504375e-04 5.192152261385249608e-05 7.990347593329571421e-05 1.929439794888197226e-05 7.389248297441265929e-08 1.143006788390919163e-07 3.245789650086411122e-10 1.287832906253165604e-10 1.503394803152817822e-10 2.450956857061192362e-10
7.812496650839706284e-03 7.800532650401161526e-03 7.694573674690281632e-03 7.624197488334863958e-03 1.674936964909919189e-04 5.172196268699083544e-05 7.960878013302255464e-05 1.889819100944529164e-05 6.956411282670990977e-08 1.060583728951774880e-07 3.218352802950712601e-10 9.133147472021463766e-11 1.358523735009877488e-10 1.965408933864330806e-10
7.812497731327391719e-03 7.800505457153586800e-03 7.694639497105854389e-03 7.624790550808493647e-03 1.672355007474382593e-04 5.174146165519927590e-05 7.964567413744156265e-05 1.850563558278824295e-05 5.578836893824431492e-08 8.162494477767373381e-08 3.061304991279289271e-10 6.002724917701088035e-11 1.060779604821949559e-10 1.226244099432060491e-10
7.812498786811721864e-03 7.800411403251677860e-03 7.694243948841832277e-03 7.624817429170612122e-03 1.674634762577457438e-04 5.199375032143306575e-05 8.002816000801004281e-05 1.814748309169149829e-05 4.018475369783048533e-08 5.448387261735219367e-08 3.043941582955111572e-10 4.090789443088457521e-11 7.600963329443948129e-11 6.207244790415227191e-11
7.812499349545371473e-03 7.800265630258465879e-03 7.693420306552632530e-03 7.624263143674290394e-03 1.681523244533917238e-04 5.246454239866904040e-05 8.072544520880524388e-05 1.783666040104134757e-05 3.172098390591906272e-08 4.004678657600415482e-08 3.304412067669040484e-10 4.108472625505563241e-11 6.160684057286533480e-11 4.742062784024277301e-11
7.812499174414928339e-03 7.800099640575109891e-03 7.692256139982521848e-03 7.623159607693216072e-03 1.692471459033340661e-04 5.310804220552820307e-05 8.166172905309948288e-05 1.758708920661433749e-05 3.482085682962650457e-08 4.566841237760066517e-08 3.863517710740106253e-10 5.812264709270782944e-11 7.475698972437666322e-11 9.195550560418756480e-11
7.812498383785073351e-03 7.799955150985928530e-03 7.690876322294101265e-03 7.621573408681137085e-03 1.706746774468792733e-04 5.385361756922395741e-05 8.272974640213328365e-05 1.742468790137767363e-05 4.664703778519123981e-08 6.615552989537222983e-08 4.620992238688409015e-10 8.106538820840264722e-11 1.147478452663656583e-10 1.866156782669041682e-10
7.812497387334708422e-03 7.799872000568148188e-03 7.689416936971231638e-03 7.619591107257883342e-03 1.723568828710806604e-04 5.462083068276653248e-05 8.381341826108594127e-05 1.738214364129802791e-05 5.961989936940135651e-08 8.816030579152397771e-08 5.298239845601267588e-10 1.033592550130632324e-10 1.629898154868318769e-10 2.993242044685206601e-10
7.812496651315686651e-03 7.799875622804453359e-03 7.687999614196426405e-03 7.617309698853986025e-03 1.742199553284287303e-04 5.533656626421538878e-05 8.481122728792890033e-05 1.748265263671605884e-05 6.676956703261571761e-08 9.950047187272974198e-08 5.632961665004388223e-10 1.219227910967363358e-10 1.933080470035661496e-10 3.852576344920634709e-10
7.812496463471700625e-03 7.799970270740853168e-03 7.686714867425962529e-03 7.614835947131792619e-03 1.761948762798427827e-04 5.594727227172891713e-05 8.565221829077578107e-05 1.772473262806885285e-05 6.555944310086317843e-08 9.597304445639775925e-08 5.720406669366292540e-10 1.286929205640791742e-10 1.913167214517380461e-10 4.125602770693705131e-10
7.812496827426362173e-03 7.800140087981466408e-03 7.685618421380756640e-03 7.612292670557348033e-03 1.782113116899894162e-04 5.642290690610258678e-05 8.630055670784823386e-05 1.807613758585041166e-05 5.788905185629943754e-08 8.143069735289988847e-08 5.931272908099493264e-10 1.158581973797187602e-10 1.618263696853752463e-10 3.804903692193432721e-10
7.812497507500897054e-03 7.800355545073015505e-03 7.684739251163688264e-03 7.609824827627623828e-03 1.801906356178906718e-04 5.675373416012635902e-05 8.674930828297609776e-05 1.847714843498499918e-05 4.747190745744684331e-08 6.294643849540760156e-08 6.377412199784706271e-10 8.803447058790521807e-11 1.204337149008893615e-10 3.122926520067749914e-10
7.812498157159505213e-03 7.800581420560527383e-03 7.684093861873644848e-03 7.607596664889093759e-03 1.820433934491732847e-04 5.694357223142961969e-05 8.700772692136099799e-05 1.885029305668688610e-05 3.736411651178954257e-08 4.609228582465271048e-08 6.694616569195505860e-10 5.984081949133859987e-11 8.357821969952558638e-11 2.364978261349831414e-10
7.812498471247319130e-03 7.800784334626481749e-03 7.683699762055290830e-03 7.605775014061962915e-03 1.836726656052808384e-04 5.700269041208986523e-05 8.708752935940262735e-05 1.911535101686566868e-05 2.928990843202475416e-08 3.361297822562663866e-08 6.480814213373185273e-10 3.975512175340081429e-11 6.343981906324684519e-11 1.766384256453639477e-10
7.812498329481098840e-03 7.800939679334570158e-03 7.683582138532824533e-03 7.604501647430767473e-03 1.849816693501860597e-04 5.694177347895472278e-05 8.699285474024330165e-05 1.920952318633263798e-05 2.436213180302273206e-08 2.687684574741777310e-08 5.761212646103442908e-10 2.725927973490277848e-11 6.436160321423884730e-11 1.483248426843985128e-10
7.812497854415230251e-03 7.801037072811168802e-03 7.683770725109446802e-03 7.603865523364700119e-03 1.858834747591430186e-04 5.676768080732517491e-05 8.671721664232888980e-05 1.910838537252136039e-05 2.371625868339404496e-08 2.725448766736982126e-08 4.951339994103189251e-10 2.414199850715584927e-11 8.165000065982461398e-11 1.534556549122702178e-10
7.812497343419553056e-03 7.801081548859028179e-03 7.684287944510942263e-03 7.603888023212560833e-03 1.863116164585476868e-04 5.648255508324148238e-05 8.624902412143447129e-05 1.883728838393576975e-05 2.803512950890366209e-08 3.549152974192728559e-08 4.400483291463871417e-10 3.417539958007920856e-11 1.058455868578975248e-10 1.777575890774385934e-10
7.812497106678872177e-03 7.801088198085573411e-03 7.685133165092328071e-03 7.604527764753073182e-03 1.862305434418712129e-04 5.608795081912849601e-05 8.558439676669489689e-05 1.846363328152861595e-05 3.630586931282152516e-08 4.975533911790853809e-08 3.990488601750434333e-10 5.285310241763520430e-11 1.283788780797680626e-10 2.022152276408499513e-10
7.812497291053924729e-03 7.801072383224114809e-03 7.686269609939021946e-03 7.605699931073453199e-03 1.856432462768412440e-04 5.559337925695743065e-05 8.474229490457344069e-05 1.807075795025695506e-05 4.520711878107348611e-08 6.472472296715050714e-08 3.381444194741092501e-10 6.995653283737235469e-11 1.433347044435506449e-10 2.176678621512712262e-10
7.812497797783283723e-03 7.801042265251815523e-03 7.687619412331256515e-03 7.607297457960955460e-03 1.845920342618711965e-04 5.502479118506294059e-05 8.377446037332748744e-05 1.772700351713175747e-05 5.027439818916036248e-08 7.339730646177077479e-08 2.577760106611666247e-10 8.216664483049089933e-11 1.474193508458485469e-10 2.240936913204649848e-10
7.812498376622774819e-03 7.800999547715145241e-03 7.689069386076715501e-03 7.609203585639947275e-03 1.831499754623630018e-04 5.442698367759817463e-05 8.276395847443241099e-05 1.746770492085232576e-05 4.849605131669796855e-08 7.097239628239811350e-08 1.889433878133354374e-10 9.157663325509749606e-11 1.411876929409254864e-10 2.209085977210476279e-10
7.812498793279842174e-03 7.800947319473797159e-03 7.690486612370918580e-03 7.611294950392131532e-03 1.814054426791825516e-04 5.385681719405092726e-05 8.181140553190569735e-05 1.729903238114570272e-05 4.050440986399607699e-08 5.820292029554049845e-08 1.498079486915400031e-10 9.497569754936822536e-11 1.287550577194682676e-10 2.064284857327698389e-10
7.812498931699374087e-03 7.800897051908428290e-03 7.691739598164698717e-03 7.613442560803033998e-03 1.794472164541902699e-04 5.337011590853884223e-05 8.101443478975738684e-05 1.721713676409906033e-05 3.052191377480854127e-08 4.160147676178827534e-08 1.390528140253787637e-10 8.786934934317404442e-11 1.141241240375891987e-10 1.833892650566582095e-10
7.812498811284680246e-03 7.800867313877832970e-03 7.692718881634943301e-03 7.615518158006540951e-03 1.773578215348733359e-04 5.300937931402784656e-05 8.044908395046595183e-05 1.722590171946010543e-05 2.390576943107812032e-08 2.998291950954915533e-08 1.577470842136398868e-10 7.388324652184939855e-11 9.883183422133730661e-11 1.572653507215246335e-10
7.812498564807740693e-03 7.800874282542721166e-03 7.693351376083528217e-03 7.617406694150894927e-03 1.752173937259822098e-04 5.279854864897025476e-05 8.015977133916730492e-05 1.733910373532187446e-05 2.403997774669001781e-08 2.949890826348372527e-08 2.100297717019812185e-10 5.871788107145248491e-11 8.382484800739704472e-11 1.321075571581621305e-10
7.812498376281756807e-03 7.800921698263868324e-03 7.693605249413449157e-03 7.619018783500238617e-03 1.731126109276862936e-04 5.274601739898852654e-05 8.015944360669399727e-05 1.756590440480453489e-05 3.073626808579933961e-08 4.045147628962375442e-08 2.838441117376276359e-10 4.210201683161710134e-11 7.113811946074830520e-11 1.134258379553877756e-10
7.812498367791306277e-03 7.800998372665594524e-03 7.693485683859436000e-03 7.620296010645980118e-03 1.711416658174310355e-04 5.285184650723994798e-05 8.043678282074916879e-05 1.789183005380145497e-05 4.092436099382875847e-08 5.774659719321836125e-08 3.559992662374600710e-10 2.609532161133104925e-11 6.253538773422931016e-11 1.111219382719423543e-10
7.812498531533944648e-03 7.801084858475733873e-03 7.693025050748264135e-03 7.621207195111747573e-03 1.694097375258164101e-04 5.311345380835162617e-05 8.096529292372826403e-05 1.827020877354892432e-05 5.065482068215059386e-08 7.414597739745934825e-08 4.250927719004539831e-10 2.214252760401103998e-11 5.824292575830077812e-11 1.322785102960602071e-10
7.812498762879410003e-03 7.801163911962648474e-03 7.692272237680821204e-03 7.621739843286061411e-03 1.680167068180690249e-04 5.352637723603990679e-05 8.170998522163197889e-05 1.863040061410371184e-05 5.686040565325583124e-08 8.384480005763267410e-08 5.245992208597836960e-10 3.811497244641089978e-11 5.737725716204422287e-11 1.712421057946762806e-10
7.812498957727184203e-03 7.801227862744670831e-03 7.691284508836498598e-03 7.621892716429245693e-03 1.670435845210532701e-04 5.408078369727103643e-05 8.263017402595583657e-05 1.889760796071691449e-05 5.806891479531475109e-08 8.437984500088217034e-08 6.803519196169958391e-10 6.570003393471516778e-11 5.856398273622500912e-11 2.129128048819730123e-10
7.812499065864496675e-03 7.801279865481629446e-03 7.690122540736659199e-03 7.621672338941891389e-03 1.665430906509014254e-04 5.475704040197772052e-05 8.367966392927825054e-05 1.901399482015107747e-05 5.426892917720817480e-08 7.648945045457542023e-08 8.481173489531075469e-10 9.021423768239429248e-11 6.068434632286936844e-11 2.455395617715840568e-10
7.812499085472520213e-03 7.801330331010640322e-03 7.688847761570404352e-03 7.621092564184135491e-03 1.665360786582290248e-04 5.552343206044838963e-05 8.480640180709149260e-05 1.895312733518757673e-05 4.655045874711489304e-08 6.287076217386165638e-08 9.266388693412070443e-10 1.054816573263416223e-10 6.362014443607897045e-11 2.636400344667828152e-10
7.812499027405408331e-03 7.801391380813807105e-03 7.687520986234705651e-03 7.620174873072329234e-03 1.670128319159725448e-04 5.633730031073693709e-05 8.595311523957858990e-05 1.872468966180793659e-05 3.693109696377854459e-08 4.711712479169060453e-08 8.602181497966112622e-10 1.107533914487655332e-10 6.760449076697841893e-11 2.608535458136743628e-10
7.812498915365162326e-03 7.801471367166257394e-03 7.686201439663347540e-03 7.618948172929808013e-03 1.679371014016477139e-04 5.714923365057724346e-05 8.705976953652897626e-05 1.837085429900206260e-05 2.825044917659887098e-08 3.336256152190281937e-08 7.012935445528050034e-10 1.023507592464581075e-10 7.226909332514475548e-11 2.316100209977148308e-10
7.812498787982313266e-03 7.801570554051221427e-03 7.684946046129915651e-03 7.617448495436803316e-03 1.692513619949700878e-04 5.790889175996207265e-05 8.806747221953412812e-05 1.795741728426655600e-05 2.367311480668422467e-08 2.603556680609613241e-08 5.489537539769349837e-10 7.848740515156259740e-11 7.784577804532851567e-11 1.825242360492763861e-10
7.812498669907184598e-03 7.801679120021026703e-03 7.683808993038573551e-03 7.615719763288153997e-03 1.708824085712011716e-04 5.857077757767685842e-05 8.892272561213613181e-05 1.756228145325198630e-05 2.552163613382744193e-08 2.870437589796353016e-08 4.529571959467296355e-10 4.701888988367631292e-11 8.627876528274306688e-11 1.326175078423794023e-10
7.812498555202599358e-03 7.801778706769089099e-03 7.682841752374732110e-03 7.613816471709527155e-03 1.727467588776552035e-04 5.909830828885842644e-05 8.958049811995525606e-05 1.726228907479506478e-05 3.384480397103482829e-08 4.194489686183515505e-08 3.907243080685082887e-10 2.175206047296137176e-11 9.862686075163243296e-11 9.832325653183244849e-11
7.812498450179258640e-03 7.801847768132316209e-03 7.682093361021583369e-03 7.611807352843694315e-03 1.747557484107622539e-04 5.946522084532150957e-05 9.000520875606942718e-05 1.711882120070526688e-05 4.568704084539709197e-08 6.163047321940117246e-08 3.193006075250592205e-10 1.165153714811443071e-11 1.116271474557492538e-10 8.401011961353278515e-11
7.812498409205785761e-03 7.801869063416213591e-03 7.681609769774474898e-03 7.609777628060707469e-03 1.768200229331069967e-04 5.965457985545585535e-05 9.017034950325447510e-05 1.716417705613254596e-05 5.586352019061255130e-08 7.946644318867466723e-08 2.374725306483264913e-10 1.564267674167350573e-11 1.187330900392702446e-10 8.535068355188585226e-11
7.812498494904175986e-03 7.801836291007647160e-03 7.681430145506890766e-03 7.607826701168444311e-03 1.788528464902548320e-04 5.965710470144631956e-05 9.005906973809042401e-05 1.739306119104375254e-05 5.922566161532717541e-08 8.641785351027336940e-08 1.858427592758740121e-10 2.712534815823465638e-11 1.151966900381695280e-10 9.365196347495664846e-11
7.812498704669760229e-03 7.801757079297493361e-03 7.681579001937037347e-03 7.606059744071106896e-03 1.807711321516625863e-04 5.947090668245690184e-05 8.966771087617505761e-05 1.776386121961692153e-05 5.346253683250943382e-08 7.772466153309527706e-08 1.904138620559078821e-10 4.043226090084697412e-11 1.017703275458989981e-10 9.893149191132446411e-11
7.812498937295441967e-03 7.801651173748819744e-03 7.682055799101139559e-03 7.604575286648052219e-03 1.824937930307588886e-04 5.910360464570072245e-05 8.901206396731012132e-05 1.821106245261542509e-05 4.089386074008294476e-08 5.665704210294827442e-08 2.313491146935033402e-10 5.305430793131246563e-11 8.372356696507879365e-11 9.646702776943474651e-11
7.812499052700194561e-03 7.801544884701598105e-03 7.682826346489605475e-03 7.603453985623884193e-03 1.839392266944097601e-04 5.857600473293145694e-05 8.813358583614334084e-05 1.866418447026829065e-05 2.786408225187521628e-08 3.408787794110817623e-08 2.704158296073226986e-10 6.464632438708928953e-11 6.752875414711898625e-11 9.055784646430987348e-11
7.812498962900733292e-03 7.801464614754336120e-03 7.683820867092486413e-03 7.602753308676961884e-03 1.850258436664678344e-04 5.792528390429735438e-05 8.710170074651996542e-05 1.906401494400660932e-05 2.155142395543923616e-08 2.304471307328922803e-08 2.866073004616795093e-10 7.546428405741791010e-11 5.909442445262234297e-11 8.984852500421258548e-11
7.812498665344100313e-03 7.801432047515668988e-03 7.684941132351893155e-03 7.602508373222462493e-03 1.856790010305595714e-04 5.720537413067730396e-05 8.600938300902812137e-05 1.936841579749446941e-05 2.582322246436598778e-08 3.095865182962563014e-08 2.801779421556339514e-10 8.501994966730267571e-11 6.240365945051086478e-11 9.995902773562098284e-11
7.812498209974411308e-03 7.801461364922957289e-03 7.686075074164039171e-03 7.602734515458939302e-03 1.858435336762582037e-04 5.648308579836894641e-05 8.496201397517762731e-05 1.954786515442580948e-05 3.879116717040489391e-08 5.470535107985340432e-08 2.639199197121702118e-10 9.086200009842681680e-11 7.576595396198373969e-11 1.185569983807621842e-10
7.812497691747334605e-03 7.801556883952456660e-03 7.687114322397847234e-03 7.603426549747130565e-03 1.854966366627193984e-04 5.582978841637879720e-05 8.406209956817523369e-05 1.957919853079774161e-05 5.380450143579352216e-08 8.216972358237041061e-08 2.607226393776103121e-10 8.977898363308100173e-11 9.024514123831755052e-11 1.353228719737640359e-10
7.812497268810804189e-03 7.801710226190054429e-03 7.687969729245923423e-03 7.604553216456391013e-03 1.846546018184576420e-04 5.531011048037863385e-05 8.339362497630506204e-05 1.944756108748875572e-05 6.329650807320855762e-08 9.949134787101214766e-08 2.921853436736495396e-10 8.143008663306277267e-11 9.603205846015531675e-11 1.399535688022287452e-10
7.812497115031504999e-03 7.801898966378043379e-03 7.688581476908842166e-03 7.606050114289791657e-03 1.833700236033632700e-04 5.497082390590051247e-05 8.300979023179782200e-05 1.915888803633685047e-05 6.294575087204426154e-08 9.896154603325524528e-08 3.548095585106005014e-10 6.872835819327157755e-11 9.058776122980213567e-11 1.307390922462821432e-10
7.812497291375021177e-03 7.802090187218302733e-03 7.688922364338276506e-03 7.607816652255599242e-03 1.817215909366837862e-04 5.483380128445866078e-05 8.292721530585748049e-05 1.875419851913139786e-05 5.351397793809276225e-08 8.227914120448720051e-08 4.124554939331608465e-10 5.394189154357100826e-11 7.841821080353304369e-11 1.124639995639438696e-10
7.812497688490147550e-03 7.802250039722285514e-03 7.688993874441953612e-03 7.609720894144043901e-03 1.798022017900476001e-04 5.489609807503843770e-05 8.312886411077522407e-05 1.831222838966878010e-05 3.951170932458182094e-08 5.771972159432558794e-08 4.243136298021388059e-10 3.786415626581741790e-11 6.526607495733806990e-11 9.108187259002862106e-11
7.812498097305825909e-03 7.802355459471281736e-03 7.688815738744218461e-03 7.611612634689263190e-03 1.777105868703165081e-04 5.513738205114515286e-05 8.357565251726424603e-05 1.793304583445297555e-05 2.615386648877097613e-08 3.441246849942570785e-08 3.928456289696674642e-10 2.444511783761352399e-11 5.561862172797707082e-11 7.583208745003180727e-11
7.812498332844848223e-03 7.802401400993225211e-03 7.688412420012705542e-03 7.613341638614317709e-03 1.755479448143128511e-04 5.553122977698265897e-05 8.422255269516107585e-05 1.770819829549622788e-05 1.704162574452558336e-08 1.838578315133495985e-08 3.770620099494070988e-10 2.230219591153038810e-11 5.308105440784688773e-11 7.908263732531973402e-11
7.812498311841635165e-03 7.802399417884891414e-03 7.687802417098085761e-03 7.614776392606489169e-03 1.734174722902699184e-04 5.605481787932183361e-05 8.503206287047372820e-05 1.769194947893246563e-05 1.383232846775146372e-08 1.233469421645904733e-08 4.307288464445636590e-10 3.684749157305667914e-11 5.906287786702068183e-11 1.069497704157508626e-10
7.812498073635187543e-03 7.802369143810193759e-03 7.686996388382059779e-03 7.615819830860455324e-03 1.714233750658334548e-04 5.669222615020228938e-05 8.597851498102014438e-05 1.788695579716851093e-05 1.706688272838709879e-08 1.721174321012574261e-08 5.350288671913130833e-10 6.262663017407178561e-11 7.199645500324097028e-11 1.550843070886271882e-10
7.812497759025618244e-03 7.802328735696338786e-03 7.686005841974354047e-03 7.616419926128443173e-03 1.696671849593016997e-04 5.743004938402881889e-05 8.704152896996335384e-05 1.824859358252323415e-05 2.641723486252819681e-08 3.254135553558388640e-08 6.224796260961990722e-10 8.779323855853416293e-11 8.888155423806848663e-11 2.134426484476081529e-10
7.812497569658670774e-03 7.802289777939099003e-03 7.684857585778455055e-03 7.616573688276987233e-03 1.682414162843706262e-04 5.824832272982257054e-05 8.819312293631072252e-05 1.870239676129816436e-05 3.980573269491867422e-08 5.476895098984009113e-08 6.539143364484973177e-10 1.042913992165529593e-10 1.052604670022546859e-10 2.653950394572216746e-10
7.812497667976157738e-03 7.802257859059147545e-03 7.683605566170296879e-03 7.616323264267388718e-03 1.672222174210611821e-04 5.911209525042714660e-05 8.938596894817271319e-05 1.916486757467831203e-05 5.275644739066787379e-08 7.617360364735335416e-08 6.496267056019022777e-10 1.102807671973489342e-10 1.138055991447715141e-10 2.856650954535916489e-10
7.812498055297640784e-03 7.802235951236398924e-03 7.682333169171348328e-03 7.615743829348947495e-03 1.666629595998542874e-04 5.996838521511273695e-05 9.054911911221353107e-05 1.956010983225536372e-05 5.970275180200403920e-08 8.723130474065434379e-08 6.488430407583214478e-10 1.043548162416971424e-10 1.078555952958672666e-10 2.559655736037355475e-10
7.812498572944665855e-03 7.802227065424504476e-03 7.681144153379151386e-03 7.614925404645361308e-03 1.665900807880307951e-04 6.075044569229663308e-05 9.159359024070844331e-05 1.983005625555450368e-05 5.716623079509058177e-08 8.212882824982602020e-08 6.508358513941901946e-10 8.390471664010164300e-11 8.886869227541413431e-11 1.858121570983644932e-10
7.812499023476311699e-03 7.802234797612923531e-03 7.680145266620448143e-03 7.613953725542738429e-03 1.670018066182678209e-04 6.138820084449410103e-05 9.242628988771673553e-05 1.993975457993890104e-05 4.652744099952726490e-08 6.347619228871920083e-08 6.138755148997070712e-10 5.338850693434661032e-11 6.703548710307224360e-11 1.069608501702759282e-10
7.812499276322411659e-03 7.802262420942398906e-03 7.679426509311204803e-03 7.612896318937567401e-03 1.678698500844353952e-04 6.182157589686202131e-05 9.296780554995475018e-05 1.987955322995787130e-05 3.386034857093146581e-08 4.191091852994015899e-08 5.146591121697049053e-10 2.805491674543100560e-11 5.246993708172027784e-11 4.771349569760732287e-11
7.812499265424835415e-03 7.802311450625211767e-03 7.679045290333911221e-03 7.611797543374681195e-03 1.691438403818507953e-04 6.201241581958869735e-05 9.316821600079790904e-05 1.966468164757065030e-05 2.649192392533995393e-08 3.004268811452044883e-08 3.831353946592220011e-10 2.320455474644839223e-11 4.865291515662464303e-11 2.123654925337025935e-11
7.812498993335900699e-03 7.802379943826991300e-03 7.679018729170699643e-03 7.610681473382017830e-03 1.707575261264087209e-04 6.195135952492552710e-05 9.301592524683605990e-05 1.933184724146407059e-05 2.863660021698435580e-08 3.486019224242119095e-08 2.679779837411286197e-10 4.207188793854411316e-11 5.447382380277511097e-11 3.023174476830567104e-11
7.812498559523327162e-03 7.802460845993097402e-03 7.679325327012850692e-03 7.609558663276014615e-03 1.726346004727664679e-04 6.165779665704809232e-05 9.253711519094608140e-05 1.893321091532512189e-05 3.915339504975547976e-08 5.398973414599329875e-08 1.930991163735252617e-10 7.626396823585826662e-11 6.714110653112931632e-11 6.624058759780902999e-11
7.812498145970322820e-03 7.802541802618221528e-03 7.679913769113809116e-03 7.608433502687396432e-03 1.746919650675820396e-04 6.117348221925408922e-05 9.178721523058032742e-05 1.852873121418821759e-05 5.265811600089628462e-08 7.792486041247130926e-08 1.593911275443066497e-10 1.142468831866129253e-10 8.143057676180512295e-11 1.076718043052039477e-10
7.812497914826924995e-03 7.802608124246907841e-03 7.680714998990196933e-03 7.607311504409353976e-03 1.768397088614330720e-04 6.055234289985657933e-05 9.083830173612829773e-05 1.817772852039189647e-05 6.274373264750860895e-08 9.577909400250434266e-08 1.591124020306593048e-10 1.445507260988824371e-10 9.066112202431010318e-11 1.331724552277349906e-10
7.812497921478493181e-03 7.802648563847272394e-03 7.681653270885346364e-03 7.606206649167566829e-03 1.789798434901525162e-04 5.985025561821447293e-05 8.976738395179315272e-05 1.792981276955908399e-05 6.506119087703880195e-08 1.003909809928821962e-07 1.735310958956913681e-10 1.553099587492376772e-10 9.087833810627030772e-11 1.365046646517470797e-10
7.812498110553066019e-03 7.802660693625254780e-03 7.682653182110173520e-03 7.605147002848570807e-03 1.810072324228918967e-04 5.911833385139338110e-05 8.864929101144432364e-05 1.781603474739084739e-05 5.884376852306785841e-08 9.050544856384188023e-08 1.813659311652826545e-10 1.406091740977808855e-10 8.245664711167578237e-11 1.223833371612154356e-10
7.812498383899378618e-03 7.802652152114071538e-03 7.683642028803328722e-03 7.604175350707465149e-03 1.828149233936110876e-04 5.840124286200641695e-05 8.755505198187817735e-05 1.784307316587815321e-05 4.676249892175061560e-08 7.038496265683700522e-08 1.808661947124104705e-10 1.073654757386129677e-10 6.835476389154242929e-11 9.639364340978024021e-11
7.812498665682247358e-03 7.802636699964404961e-03 7.684549036024394993e-03 7.603343232588999530e-03 1.843033496495615018e-04 5.773928345485110711e-05 8.655374500922269885e-05 1.799388039606169897e-05 3.361223262923795095e-08 4.795722290024277136e-08 1.943271093370553371e-10 7.091545732281725746e-11 5.324279941391902202e-11 6.719570184901391992e-11
7.812498910612949814e-03 7.802627419348268263e-03 7.685304912018471601e-03 7.602700812693221309e-03 1.853907742133167056e-04 5.717110750640975179e-05 8.571381964257491928e-05 1.823541920592421632e-05 2.436058622631038786e-08 3.194712291605337466e-08 2.500892446372164287e-10 4.345351507774912507e-11 4.300405417221570874e-11 4.947688150653937283e-11
7.812499074111007788e-03 7.802630832076573944e-03 7.685845358555790270e-03 7.602287965033038830e-03 1.860218326103875637e-04 5.673418140687289053e-05 8.510021131096883991e-05 1.852936200350799903e-05 2.217973706696902510e-08 2.837733447912983843e-08 3.571156419167284595e-10 3.016581868356758301e-11 4.218573265306168841e-11 5.455790110939185737e-11
7.812499102386635287e-03 7.802644527715796481e-03 7.686119858207420864e-03 7.602130714891260251e-03 1.861718269792997404e-04 5.646218238835581786e-05 8.476637958322724427e-05 1.883949511296992372e-05 2.725479158844607151e-08 3.781387818479773841e-08 4.898286121797698733e-10 3.358980661789585413e-11 5.159407356998385695e-11 8.199152445953806347e-11
7.812498969688173693e-03 7.802658641681984968e-03 7.686103270147513419e-03 7.602243105952930305e-03 1.858457086508827870e-04 5.638052173000513795e-05 8.474392996473416502e-05 1.913265623949533722e-05 3.693301462836184467e-08 5.515883506459566708e-08 6.002953348529154863e-10 5.237419045649642093e-11 6.823652211726502414e-11 1.237281954129432383e-10
7.812498727744257403e-03 7.802660134310072070e-03 7.685804508860685433e-03 7.602631152554447692e-03 1.850725793855597311e-04 5.650187279124247705e-05 8.503469549937105285e-05 1.937547131922499828e-05 4.707963281041161397e-08 7.244264561741879756e-08 6.537259388739205517e-10 7.615219204974239184e-11 8.606901163738302336e-11 1.697254895284320222e-10
7.812498502464407073e-03 7.802638263745808808e-03 7.685266202234693027e-03 7.603294468271679270e-03 1.838987412218085339e-04 5.682318839510325708e-05 8.560965223489784537e-05 1.953271763623615385e-05 5.387643542566290327e-08 8.290175964297724035e-08 6.540528586871495473e-10 8.994750941350524897e-11 9.751833590067261609e-11 2.069921517554060555e-10
7.812498411576771981e-03 7.802589399662346152e-03 7.684553317953642798e-03 7.604223243192203587e-03 1.823827619520498519e-04 5.732488435461338612e-05 8.641573279020666647e-05 1.957179220601541034e-05 5.519333740896994159e-08 8.372083673583323082e-08 6.340942596896224809e-10 8.681167402350134392e-11 9.767449681959736440e-11 2.217599279823468048e-10
7.812498470727207399e-03 7.802519252874388911e-03 7.683734021478295928e-03 7.605390425892690105e-03 1.805947657764985946e-04 5.797281401718045731e-05 8.738839505503093576e-05 1.947321527104641252e-05 5.104098593234754046e-08 7.607718496193388570e-08 6.251396178964795338e-10 7.196030432221485371e-11 8.851634409692864081e-11 2.094698888161755317e-10
7.812498582591041567e-03 7.802441173720107981e-03 7.682860506764696736e-03 7.606741609068448651e-03 1.786188071602511974e-04 5.872342985975146566e-05 8.846548863812751990e-05 1.924252649382993417e-05 4.313629661320467638e-08 6.330160582814044958e-08 6.258860721620311924e-10 5.329797718359577561e-11 7.837316623906686992e-11 1.811722084748492745e-10
7.812498609681602264e-03 7.802371044311929779e-03 7.681958053164484983e-03 7.608187491929563687e-03 1.765544492406572244e-04 5.953132728847139953e-05 8.959751272868298659e-05 1.891718673363581592e-05 3.399974866276775129e-08 4.902749971746809745e-08 6.000766153708079835e-10 3.440787480055547281e-11 7.673626804165604238e-11 1.566998540806848437e-10
7.812498425820436389e-03 7.802321487645397236e-03 7.681027651810248998e-03 7.609605474678317674e-03 1.745135639183283756e-04 6.035615062451019541e-05 9.074999777443551040e-05 1.856349708718472638e-05 2.613273340601345171e-08 3.648304514370593658e-08 5.281681655403615681e-10 1.866807850502931073e-11 8.889661159427293113e-11 1.521711801016296192e-10
7.812497969693722732e-03 7.802298599354600718e-03 7.680062445523161418e-03 7.610855434382302401e-03 1.726110556566470475e-04 6.116475462104601561e-05 9.189598489373405996e-05 1.826245547179940852e-05 2.160732146019311863e-08 2.866886066190569285e-08 4.436457927728759096e-10 1.336907513843482500e-11 1.133757818920149009e-10 1.732435242000547746e-10
7.812497327646854804e-03 7.802302059826106417e-03 7.679071282736017745e-03 7.611808243594940515e-03 1.709523285250937790e-04 6.192707202268485909e-05 9.300173951552329402e-05 1.808871907244907979e-05 2.189025224555187396e-08 2.831505483850975079e-08 3.903419846625568083e-10 2.322664792856863791e-11 1.423633715363299255e-10 2.133781497262939703e-10
7.812496761390968006e-03 7.802326615391031589e-03 7.678098047360702554e-03 7.612377333041651581e-03 1.696225874235095710e-04 6.260917096514289086e-05 9.401389229402734452e-05 1.809026676680595627e-05 2.742974389870420920e-08 3.680607120517447964e-08 3.692453882952686254e-10 4.213467928440532946e-11 1.652479264987826485e-10 2.549551401242147949e-10
7.812496557767035187e-03 7.802362613696758528e-03 7.677225851090721531e-03 7.612539233829590871e-03 1.686821145982180090e-04 6.317005250071219911e-05 9.485711788460311062e-05 1.827602476991482054e-05 3.690594348613667123e-08 5.239555038100085619e-08 3.440724487600211451e-10 5.874179342282200701e-11 1.735649061795882727e-10 2.777090941343982092e-10
7.812496835305128388e-03 7.802395882749844740e-03 7.676561693935258363e-03 7.612332815339770825e-03 1.681679614594914129e-04 6.356640745219830442e-05 9.544622408849640994e-05 1.861495460379431895e-05 4.685429549587561503e-08 6.928731860209283573e-08 2.862238782107712528e-10 6.887489371842054452e-11 1.639819277735035116e-10 2.719681642732012568e-10
7.812497472844045013e-03 7.802409381690099399e-03 7.676206403417859536e-03 7.611837141364866631e-03 1.680986828850101653e-04 6.376354494382403977e-05 9.570846427921176833e-05 1.904592414411400848e-05 5.265916121402552261e-08 7.935924176565825726e-08 2.099046052341750730e-10 7.593388936106959037e-11 1.394251479230094350e-10 2.440213909241458668e-10
7.812498221251392393e-03 7.802387805792383377e-03 7.676221884965206584e-03 7.611139033653202025e-03 1.684773750584968668e-04 6.374596193437878405e-05 9.560621086348562736e-05 1.949502718472539991e-05 5.100507177715660553e-08 7.660825977695149922e-08 1.575714083483939889e-10 8.123003864411766816e-11 1.101021139248251720e-10 2.099815721703428394e-10
7.812498825418306807e-03 7.802323089493134155e-03 7.676608869710750162e-03 7.610305989414815203e-03 1.692908094005998753e-04 6.352164575505496924e-05 9.515035600229668840e-05 1.989544314866577843e-05 4.237702909978183333e-08 6.172923419396655944e-08 1.560039873777736300e-10 8.260176256314241589e-11 9.093017904178316387e-11 1.862072204233979480e-10
7.812499064630670266e-03 7.802217233191577339e-03 7.677303625295660641e-03 7.609375911127067710e-03 1.705066208209744187e-04 6.311903057774575598e-05 9.439977092344430608e-05 2.020303199767129338e-05 3.159450917652724307e-08 4.312193744189410780e-08 2.005117448282343238e-10 8.114636669520370814e-11 9.222216315136192289e-11 1.820622370569658946e-10
7.812498810067525397e-03 7.802080882854917944e-03 7.678194463872228120e-03 7.608365084107147208e-03 1.720725456379889218e-04 6.258009102657130442e-05 9.344817537709925359e-05 2.040058095163370093e-05 2.547418485386280495e-08 3.267724353231373643e-08 2.730600654013913217e-10 7.926299762127091517e-11 1.113828780894290048e-10 1.973289021404755902e-10
7.812498140069143102e-03 7.801929295918062605e-03 7.679150415887054000e-03 7.607285536570011601e-03 1.739202233275448134e-04 6.195416557977818386e-05 9.240468715722122519e-05 2.048861825311031911e-05 2.882141139983554582e-08 3.864968058208383646e-08 3.523451442913583619e-10 7.410045375789010096e-11 1.360701444052447590e-10 2.253730977835016413e-10
7.812497367847864860e-03 7.801778555074459151e-03 7.680050010185791344e-03 7.606159120415249310e-03 1.759721783947530596e-04 6.129441827732573901e-05 9.137545160408812165e-05 2.046962735035023708e-05 4.132327044626114681e-08 6.035840762219362091e-08 4.032550020057020748e-10 6.235799526550768762e-11 1.546277473252174429e-10 2.580847431168493493e-10
7.812496842911592458e-03 7.801643404649983259e-03 7.680800273841705168e-03 7.605019993505311195e-03 1.781477731126220173e-04 6.065526947822359104e-05 9.045079986935140686e-05 2.033828204918943145e-05 5.746525275766711301e-08 8.829780861923912534e-08 3.991822771651638775e-10 4.977622833349159836e-11 1.615236147897397884e-10 2.886041824262661393e-10
7.812496718995254330e-03 7.801535911857311947e-03 7.681342787627424944e-03 7.603906100258733293e-03 1.803645861800247364e-04 6.008811475371140723e-05 8.969835803068891176e-05 2.008673692675172799e-05 6.962950347740067891e-08 1.095275546524446472e-07 3.765739588060866235e-10 4.679446188728211222e-11 1.562422702343636096e-10 3.137833953771038376e-10
7.812496933211266446e-03 7.801463541145714845e-03 7.681650042344619934e-03 7.602847205825074249e-03 1.825353736198585483e-04 5.963523717399311268e-05 8.916064567354129193e-05 1.972232905091388181e-05 7.239095894367070727e-08 1.147918483645775432e-07 4.183265487029218404e-10 5.523170944231312287e-11 1.419367560616568453e-10 3.348466080412018590e-10
7.812497363797654172e-03 7.801426707267866863e-03 7.681717322795033991e-03 7.601858237398861386e-03 1.845643204238314738e-04 5.932478294931614214e-05 8.885651820156406113e-05 1.928502877800056074e-05 6.520033916978866786e-08 1.029180055383110907e-07 5.570530440709728504e-10 6.812370583555354744e-11 1.244863571737058722e-10 3.538330401013932192e-10
7.812497905115447713e-03 7.801417819923863774e-03 7.681553908444919802e-03 7.600942394505486727e-03 1.863472790162437945e-04 5.917001913301621390e-05 8.878655080165747141e-05 1.885044869480204428e-05 5.183954450470254995e-08 8.009588882458510050e-08 7.226423708998313783e-10 8.120833959669137555e-11 1.096055062258713215e-10 3.709902562626169414e-10
7.812498441954985814e-03 7.801423477257546021e-03 7.681175499012613504e-03 7.600102127822508727e-03 1.877785854242847228e-04 5.917323568305524976e-05 8.894121442529540522e-05 1.851284250169644397e-05 3.749954697325675066e-08 5.526569717392662135e-08 8.087245677855881423e-10 9.449195704565491586e-11 9.990466815577998309e-11 3.853410845263080011e-10
7.812498841169600305e-03 7.801428882116443267e-03 7.680599320894231086e-03 7.599351772446551016e-03 1.887635677967787191e-04 5.933141355409045278e-05 8.930850879929896360e-05 1.835446056145273886e-05 2.603917894761627631e-08 3.543133528609243115e-08 7.876207058934300795e-10 1.028399734941024652e-10 9.494282516768220828e-11 3.926073985893824835e-10
7.812499005793960456e-03 7.801421534452047078e-03 7.679843265163474944e-03 7.598725229372498176e-03 1.892328480063772025e-04 5.963997678586307306e-05 8.987739367408960421e-05 1.841558879906808794e-05 1.937077132822664846e-08 2.414947678633022479e-08 7.313480399386424493e-10 9.669207571829968806e-11 9.348362031715719531e-11 3.831540134037593418e-10
7.812498909087347253e-03 7.801392204051290497e-03 7.678928893784942554e-03 7.598275044201481705e-03 1.891536796899467507e-04 6.009287429679253587e-05 9.063591546205191068e-05 1.867933873866249131e-05 1.855963776758299605e-08 2.307640345243680596e-08 7.054484968284666088e-10 7.595208583109174391e-11 9.557978628623522719e-11 3.505235735094344406e-10
7.812498582202481723e-03 7.801334152277638462e-03 7.677886221208725902e-03 7.598063441186111468e-03 1.885350447646542873e-04 6.067974770039880099e-05 9.156597885554113264e-05 1.907742787319952822e-05 2.454759182607858745e-08 3.347332433488784500e-08 6.816813652225101870e-10 5.376136646714449023e-11 1.029651001945596231e-10 3.030249620392938830e-10
7.812498099013000241e-03 7.801243287937444093e-03 7.676758193346383714e-03 7.598149368945780399e-03 1.874254563061055466e-04 6.138201159508829569e-05 9.263735730454084093e-05 1.951282202254754690e-05 3.713298743781711438e-08 5.500275162505168745e-08 5.966444249636114807e-10 4.273066510656063128e-11 1.171935999188246776e-10 2.600348634411802454e-10
7.812497596991881989e-03 7.801120551900331788e-03 7.675602964142785693e-03 7.598575978347992671e-03 1.859052127712465476e-04 6.216986861469592468e-05 9.380337319800989928e-05 1.988730224320101525e-05 5.319629066927785068e-08 8.276551539748941666e-08 4.611422669757637826e-10 4.347281776828377333e-11 1.367868209558400780e-10 2.361379323990158428e-10
7.812497257647570657e-03 7.800974862311813550e-03 7.674492526917832923e-03 7.599360431690384277e-03 1.840762374360838734e-04 6.300172520512650276e-05 9.500005195236162095e-05 2.012263030764595598e-05 6.656502017509771837e-08 1.065026185536373191e-07 3.523759099414813208e-10 4.976526197795966098e-11 1.560361687601324762e-10 2.322375341642221079e-10
7.812497201356878064e-03 7.800823452158042043e-03 7.673507618348191645e-03 7.600486989895394001e-03 1.820516540096900956e-04 6.382590813462290038e-05 9.614914828160642561e-05 2.017122318597648227e-05 7.075037181229987558e-08 1.147333329534646478e-07 3.155478588318526349e-10 5.993253824104205726e-11 1.674698319014111323e-10 2.396448884512459879e-10
7.812497390938731752e-03 7.800687884504075610e-03 7.672729276308216419e-03 7.601903924124177488e-03 1.799464222792056093e-04 6.458422325881092415e-05 9.716494729925018484e-05 2.001942972122594164e-05 6.306335586425322399e-08 1.019908002220990192e-07 3.238595167710724462e-10 7.584825961159347139e-11 1.662124609806000355e-10 2.459180609341955602e-10
7.812497704473492406e-03 7.800587006473870370e-03 7.672229115268674841e-03 7.603526141973530363e-03 1.778697248583625021e-04 6.521683956171181202e-05 9.796343095765692739e-05 1.968784712529290690e-05 4.698955214273897673e-08 7.371348644138425888e-08 3.266212511317626181e-10 9.280527847036767515e-11 1.524017410086899736e-10 2.391514479663466269e-10
7.812498067300481346e-03 7.800530137431830636e-03 7.672060803278557897e-03 7.605245385051232279e-03 1.759199408974238509e-04 6.566831197424039543e-05 9.847198216827081233e-05 1.922878205675736238e-05 3.076437497211825005e-08 4.443904932629887342e-08 3.022239229746037851e-10 9.936885069240097668e-11 1.302990529475940962e-10 2.149033389027806072e-10
7.812498462392278298e-03 7.800513750144110262e-03 7.672253972304818662e-03 7.606946512959876679e-03 1.741828455723259104e-04 6.589455060421302377e-05 9.863831212473996718e-05 1.871787660415479465e-05 2.280368767675555473e-08 2.973839656192949078e-08 2.603730347387313092e-10 9.006525110917072606e-11 1.061349795937913810e-10 1.805237777645661065e-10
7.812498828196232266e-03 7.800523163221332462e-03 7.672809752003877624e-03 7.608524331709209769e-03 1.727324039479104798e-04 6.587002090387650765e-05 9.843830242315654007e-05 1.823853930512822524e-05 2.682351872332939464e-08 3.690946164654150053e-08 2.143275504132779607e-10 7.188981957042015952e-11 8.685202189349354918e-11 1.495630715355239088e-10
7.812499023701769373e-03 7.800538479532747801e-03 7.673696721579472205e-03 7.609894051669393450e-03 1.716320194782033242e-04 6.559348878666010666e-05 9.788229924834475457e-05 1.786302493003532924e-05 3.968827112827050199e-08 6.048357655024269877e-08 1.771910115508006284e-10 5.466751860754300759e-11 7.883277595561537591e-11 1.325408099770828102e-10
7.812498941866126076e-03 7.800542035832423553e-03 7.674847948230440614e-03 7.610991522194950586e-03 1.709339729482428443e-04 6.509019798928629039e-05 9.701819297503434737e-05 1.763766865755929823e-05 5.333210421792133865e-08 8.556802351811096221e-08 1.737675699709419376e-10 4.213531979478161046e-11 8.478906480675504299e-11 1.331324996771669477e-10
7.812498634026942244e-03 7.800524005377983301e-03 7.676162619415224236e-03 7.611765716629938922e-03 1.706762542040823752e-04 6.440883430118714737e-05 9.592837935660738667e-05 1.757835689554484562e-05 5.958302900561771198e-08 9.696786165514689468e-08 2.180076979777807988e-10 3.517488295073787999e-11 1.008441025618305204e-10 1.491028665464360758e-10
7.812498290621432487e-03 7.800484103316717051e-03 7.677516648839108858e-03 7.612171588656999055e-03 1.708779057061984863e-04 6.361323884677355189e-05 9.471832877474584166e-05 1.767611748634752931e-05 5.486205312940307511e-08 8.815619475733970305e-08 2.832583961710963555e-10 3.501055999696282282e-11 1.180171850412577723e-10 1.745234857531667894e-10
7.812498076479683015e-03 7.800429653779449198e-03 7.678782779161619221e-03 7.612170845984505239e-03 1.715353910244233205e-04 6.277132846591967799e-05 9.349824801811023190e-05 1.790666322033865817e-05 4.182682826596230969e-08 6.430952404479252363e-08 3.255973596125056587e-10 3.967016375310139376e-11 1.277222914138470784e-10 2.026779615655179205e-10
7.812498037441980257e-03 7.800371794724203500e-03 7.679854897869192905e-03 7.611742338789428269e-03 1.726218654944096202e-04 6.194508654748152009e-05 9.236343813770116499e-05 1.823640956398281537e-05 2.719139956159414321e-08 3.796371562930650321e-08 3.414169199727512501e-10 4.419184757756349974e-11 1.260930853255982365e-10 2.286462653539340042e-10
7.812498136279094098e-03 7.800321478133758098e-03 7.680667132924424469e-03 7.610896073595055204e-03 1.740893803094524343e-04 6.118492591569508392e-05 9.138077887214960608e-05 1.862227551409479347e-05 1.760863133496665063e-08 2.111160980043937062e-08 3.794507993689621752e-10 4.793730754412509473e-11 1.146641257559117952e-10 2.500939192495723394e-10
7.812498330445119370e-03 7.800286120422154044e-03 7.681199457915162919e-03 7.609681983582245249e-03 1.758721962407098387e-04 6.052914161703219071e-05 9.058629513078445190e-05 1.900925590348223626e-05 1.650290360430353418e-08 1.943217910260961992e-08 4.813417652677414263e-10 5.460107399923150760e-11 9.866731693495218630e-11 2.656883142870433936e-10
7.812498568299725173e-03 7.800267229008729132e-03 7.681467749049912357e-03 7.608188056350471268e-03 1.778891000061052347e-04 6.000654045582606253e-05 8.999334301099551976e-05 1.933281690188545522e-05 2.346948109894554928e-08 3.162924171807738789e-08 6.263436570233004015e-10 6.223530817468364204e-11 8.388188680356155771e-11 2.724301198861429067e-10
7.812498769417947943e-03 7.800259600977669031e-03 7.681503505491771820e-03 7.606527794526286856e-03 1.800444814320767666e-04 5.963948739135672131e-05 8.960602459074805317e-05 1.953046260833266745e-05 3.571575734199790264e-08 5.250780329308727271e-08 7.421336796344821791e-10 6.285174532320472078e-11 7.362458036987412846e-11 2.667962838833016687e-10
7.812498862531302643e-03 7.800252779428396531e-03 7.681332984688623959e-03 7.604821184418726274e-03 1.822301123768957885e-04 5.944558601627050737e-05 8.943072325531547671e-05 1.956006793496977233e-05 4.982011548769047469e-08 7.621486533507571007e-08 7.681965460951894153e-10 5.507702702905336992e-11 6.830720236396295428e-11 2.505030282947284113e-10
7.812498821786671883e-03 7.800234721824085386e-03 7.680965064131577320e-03 7.603175132821900391e-03 1.843303202435461101e-04 5.943754922143709468e-05 8.948061786181840704e-05 1.941631676924861696e-05 6.253670106610303360e-08 9.735347829744897191e-08 7.148599273167019339e-10 4.800904552423788386e-11 6.710150644603180950e-11 2.311902733500536598e-10
7.812498666270690714e-03 7.800196366067299429e-03 7.680392355310849614e-03 7.601669396665699553e-03 1.862313463101083566e-04 5.962157499416202206e-05 8.977201514516388453e-05 1.913544371324159694e-05 7.077310940379400581e-08 1.106354374691645033e-07 6.443347966829318836e-10 4.784111081972608097e-11 6.854569271404358493e-11 2.132612036957184249e-10
7.812498452410390586e-03 7.800134954246716601e-03 7.679603785577101757e-03 7.600352366467307344e-03 1.878325303136378112e-04 5.999455618877146633e-05 9.031474007924599075e-05 1.878415476167316438e-05 7.183073424170892912e-08 1.113505126852283385e-07 5.916758886498792792e-10 4.841985170261352328e-11 7.041474145248766910e-11 1.926729753391089060e-10
7.812498273831601676e-03 7.800054799356104587e-03 7.678602682440470971e-03 7.599247645970974574e-03 1.890549449877552794e-04 6.054040489196371326e-05 9.110019919968939586e-05 1.843759273170387112e-05 6.461926151588288696e-08 9.772997728992121783e-08 5.367065635515279600e-10 4.195748790447106992e-11 7.173609695319162460e-11 1.659120422962836633e-10
7.812498226722511610e-03 7.799966254526708928e-03 7.677422580050628775e-03 7.598367172760909713e-03 1.898442204486093662e-04 6.122661176697189215e-05 9.209149429616764605e-05 1.815781076460671245e-05 5.115406982410974902e-08 7.356585593255258508e-08 4.508156960171425401e-10 3.177965104067742529e-11 7.453992645633481712e-11 1.381088915905920824e-10
7.812498343582877612e-03 7.799884339020265837e-03 7.676134649478728866e-03 7.597723960044449991e-03 1.901680199760470745e-04 6.200277198821495153e-05 9.321949490628029416e-05 1.798280993804805838e-05 3.670242094280184226e-08 4.818431662070640353e-08 3.388987092580578995e-10 2.644971757853693617e-11 8.125073591487613775e-11 1.175095211591472150e-10
7.812498555714796414e-03 7.799827038255931905e-03 7.674843831119788212e-03 7.597338865988902470e-03 1.900119546004070434e-04 6.280297822043416633e-05 9.438747337060720091e-05 1.792857996153121778e-05 2.761368874642985293e-08 3.250733740186029565e-08 2.346292022720978441e-10 2.785254148356036657e-11 9.112809702057091525e-11 1.080005650914006902e-10
7.812498745687575241e-03 7.799811872863883846e-03 7.673674048616596979e-03 7.597239935440111211e-03 1.893785291287842739e-04 6.355312912183646603e-05 9.548441427345956758e-05 1.799784769855005122e-05 2.779350040450919659e-08 3.312121386911691697e-08 1.678534985184835907e-10 3.282549558058377256e-11 1.010674640930241140e-10 1.091928492108953289e-10
7.812498844144973725e-03 7.799850221158963204e-03 7.672747004726007507e-03 7.597457055957758561e-03 1.882906795056785870e-04 6.418201194869207961e-05 9.640327312834178018e-05 1.818578221770790333e-05 3.625515718183484893e-08 4.828207350725812980e-08 1.412494325238896051e-10 4.042695199561752710e-11 1.087641871407623212e-10 1.169944603419899312e-10
7.812498852321501756e-03 7.799941671818812726e-03 7.672161633737339774e-03 7.598015371754501812e-03 1.867971684103244439e-04 6.463275358273446326e-05 9.705803033022592516e-05 1.847745774053226547e-05 4.764317657439105592e-08 6.876425087568782021e-08 1.418499285259286879e-10 4.901719315705485469e-11 1.132409160600254083e-10 1.230367469833216206e-10
7.812498789643372576e-03 7.800072122864747798e-03 7.671980205224839845e-03 7.598928890994868617e-03 1.849746779048797680e-04 6.487066207788801835e-05 9.739447703323764172e-05 1.884089814416714452e-05 5.541985453420031601e-08 8.313562562972320391e-08 1.622427781923212901e-10 5.244307212875340698e-11 1.132758397020348461e-10 1.197210714625548029e-10
7.812498666139599396e-03 7.800217300610744545e-03 7.672223160912881694e-03 7.600194025170760662e-03 1.829234189659320262e-04 6.488529891375748807e-05 9.739323582980397552e-05 1.922453360291364620e-05 5.551684300173217543e-08 8.406624349609458555e-08 1.975480159529086052e-10 4.752545156432411471e-11 1.073957831382803395e-10 1.070510539881986100e-10
7.812498510505971015e-03 7.800349796556194960e-03 7.672871384036654419e-03 7.601783400843943085e-03 1.807575480835696088e-04 6.468735649329691775e-05 9.706651791023712574e-05 1.956467560229979997e-05 4.818902066912686724e-08 7.180323015816307246e-08 2.355341091282772309e-10 3.927180047872017070e-11 9.557758167299750733e-11 9.162757930159911423e-11
7.812498389310123387e-03 7.800446044784796473e-03 7.673873055311739889e-03 7.603641757832240930e-03 1.785944162952230569e-04 6.430291269292917698e-05 9.645148380846171963e-05 1.980066009962088553e-05 3.731152804623553690e-08 5.312868327387688727e-08 2.700328708762416376e-10 3.346865537969234868e-11 8.011374256465272800e-11 7.961012867772638832e-11
7.812498363329094427e-03 7.800490646185742269e-03 7.675152890781816555e-03 7.605685877051849599e-03 1.765461795799394334e-04 6.376748374115822910e-05 9.560244575376054658e-05 1.989016875941653059e-05 2.798771754789650022e-08 3.710158477869106340e-08 3.149161822984266182e-10 2.989368475928504000e-11 6.448722962911235532e-11 7.309960349041065555e-11
7.812498447748865947e-03 7.800477779101994830e-03 7.676621973605991626e-03 7.607809062486158708e-03 1.747143011527590561e-04 6.312110397894072679e-05 9.458337976909453435e-05 1.981849562990340658e-05 2.404678117545823606e-08 3.053111438064390812e-08 3.817205967228437299e-10 2.699158871229050294e-11 5.161913869493977649e-11 7.138876918182902510e-11
7.812498601752076305e-03 7.800410890855031046e-03 7.678186545172140109e-03 7.609889283756123522e-03 1.731854849147391572e-04 6.240448846460086053e-05 9.346151497782140510e-05 1.960008782163250612e-05 2.666722053780975642e-08 3.553712657496600726e-08 4.525877317810436832e-10 2.702899633449414394e-11 4.277598630529952612e-11 7.177776956190742966e-11
7.812498763991955822e-03 7.800301775354685774e-03 7.679755065634082285e-03 7.611799517718339375e-03 1.720279182653505019e-04 6.165586407716820672e-05 9.230194570635328482e-05 1.927410102374887437e-05 3.447345186317063407e-08 4.969127145093602376e-08 4.914849165815676953e-10 3.071379682453982266e-11 3.757714199194279464e-11 7.023106650938811660e-11
7.812498885831579282e-03 7.800169174548841552e-03 7.681243388360168602e-03 7.613418612578741473e-03 1.712883473691659741e-04 6.090880628400237323e-05 9.116352158901638413e-05 1.889602076987953981e-05 4.462852237707783468e-08 6.779564611264145230e-08 4.759349089087941753e-10 3.306458767299850690e-11 3.531121093570907348e-11 6.519671922543404410e-11
7.812498952534848926e-03 7.800036169542328736e-03 7.682577961837692287e-03 7.614640903258063608e-03 1.709913085314747317e-04 6.019198408982208957e-05 9.009687070880473855e-05 1.852699991643648363e-05 5.407040469322112459e-08 8.405745112664630598e-08 4.214152742437653470e-10 3.011435703386488537e-11 3.589850937809626297e-11 5.991835393100680839e-11
7.812498975982388842e-03 7.799925814778483485e-03 7.683696655239953717e-03 7.615383226771091363e-03 1.711409251001768468e-04 5.953132206344801655e-05 8.914538863475019630e-05 1.822297020974951117e-05 6.026124400339937924e-08 9.380875500586174703e-08 3.772314591630443245e-10 2.482071548070041654e-11 3.925106775537730507e-11 5.836166986006836363e-11
7.812498976875808729e-03 7.799855903705971670e-03 7.684547464785244919e-03 7.615588970803150934e-03 1.717241638753650714e-04 5.895344770377477204e-05 8.834838006400065884e-05 1.802613669020628639e-05 6.146222027505875799e-08 9.443948372012726288e-08 3.824531641263720519e-10 2.269293270715601487e-11 4.485948502160222304e-11 6.130423037524843954e-11
7.812498968083492028e-03 7.799835054675918929e-03 7.685087058182222229e-03 7.615230036885052914e-03 1.727134677642541000e-04 5.848779091289652699e-05 8.774349302751088331e-05 1.796068175142084093e-05 5.702661232255458044e-08 8.570614678595796764e-08 4.249412734483533855e-10 2.408894374620658231e-11 5.247832660310375560e-11 6.769442805003669609e-11
7.812498938353496652e-03 7.799861973405827244e-03 7.685281647888010138e-03 7.614308360909302631e-03 1.740673130846666166e-04 5.816507470119212768e-05 8.736579798651070638e-05 1.803233505541659105e-05 4.795286634737356811e-08 6.981801234233911311e-08 4.592286830671099606e-10 2.460098621310613235e-11 6.200319804042373841e-11 7.612898817115418659e-11
7.812498878531002472e-03 7.799927828193713164e-03 7.685111056162798049e-03 7.612858319722781361e-03 1.757289777597267216e-04 5.801225547722376022e-05 8.724340824508571793e-05 1.822987778452469078e-05 3.719042044071198266e-08 5.136776735953919729e-08 4.602762258440501060e-10 2.198827512850834934e-11 7.226954204797300544e-11 8.443331937339281431e-11
7.812498806986564563e-03 7.800019889575060365e-03 7.684574257666917756e-03 7.610950091563044480e-03 1.776252977715006478e-04 5.804634706371670036e-05 8.739205760989625696e-05 1.852687091598396183e-05 2.892154050393549700e-08 3.657079225270485859e-08 4.470330190076780174e-10 1.890475316145220855e-11 8.053040977069000797e-11 9.043146357131139537e-11
7.812498763968017505e-03 7.800124469637769072e-03 7.683693919458885017e-03 7.608691746555088474e-03 1.796676562775899159e-04 5.826987392218222742e-05 8.781082863526720186e-05 1.888369443024740440e-05 2.678214627092947838e-08 3.130380397130950249e-08 4.578244562107395275e-10 1.884567071464288046e-11 8.300503642383141942e-11 9.159801217795595519e-11
7.812498773346382777e-03 7.800228337053172895e-03 7.682518735557714723e-03 7.606226459650951635e-03 1.817564510278185945e-04 5.866917238883595715e-05 8.847933873137102758e-05 1.925132566534356509e-05 3.199623197405190529e-08 3.835796635869065411e-08 5.041305314049271641e-10 2.094767805822762461e-11 7.674284174503098266e-11 8.345135192667488336e-11
7.812498831505343064e-03 7.800319092266073256e-03 7.681123478222710334e-03 7.603722071968488719e-03 1.837884265239939357e-04 5.921536684156264170e-05 8.935603621912553435e-05 1.957762019402447900e-05 4.259923892302280702e-08 5.537777216558186652e-08 5.485141611915271236e-10 2.115062905241684300e-11 6.299016083102131135e-11 6.361260216224101150e-11
7.812498912148483667e-03 7.800385564868757629e-03 7.679606945222171646e-03 7.601353478906672928e-03 1.856649404401430404e-04 5.986707799940999203e-05 9.037785926796505483e-05 1.981490945171778196e-05 5.418498913782843184e-08 7.507702572458397436e-08 5.409422186406674847e-10 1.831954026477097617e-11 4.857812080064257986e-11 3.845227942516732988e-11
7.812498977885735246e-03 7.800419422970780205e-03 7.678086800598614946e-03 7.599282012134292441e-03 1.872986820941565148e-04 6.057406128257906129e-05 9.146278327957151977e-05 1.992639202453215543e-05 6.175126271166235748e-08 8.820564376509042857e-08 4.742779544756228399e-10 1.517226189069873337e-11 4.136078655970745879e-11 1.925935572462930555e-11
7.812499005857017655e-03 7.800417991004683291e-03 7.676690132450097667e-03 7.597637685948244353e-03 1.886171889500106672e-04 6.128110036390189345e-05 9.251632227184521660e-05 1.988990626785191345e-05 6.186531964639237277e-08 8.806021897761914893e-08 3.841045536019686790e-10 1.457198162665778345e-11 4.413215565261625833e-11 1.196285967599671749e-11
7.812498989444757215e-03 7.800386464788295823e-03 7.675540024282403138e-03 7.596508736161407087e-03 1.895631485615512318e-04 6.193181584499875009e-05 9.344142603688463311e-05 1.970022869355829008e-05 5.436175338072550536e-08 7.420117723041210991e-08 3.088469728197889349e-10 1.773975266205803083e-11 5.437853100833039610e-11 1.652415870332450815e-11
7.812498914932409534e-03 7.800336973954450671e-03 7.674740298021814032e-03 7.595939268992071142e-03 1.900929489295086151e-04 6.247276607769811161e-05 9.415015863256437139e-05 1.937216393534651603e-05 4.277502987294349670e-08 5.319220063868673287e-08 2.703804138691137069e-10 2.435023823303818217e-11 6.817140354683281564e-11 3.276778873018098370e-11
